:START_ID(Person)|:END_ID(Company)
17592186045004|1569
17592186045004|1571
17592186045004|1572
17592186045004|1573
8796093023616|10
772|1164
772|1167
35184372089012|1568
35184372089012|1567
28587302322668|864
28587302322668|937
28587302322668|938
28587302322668|908
26388279067664|222
26388279067664|399
28587302322904|540
2199023256472|1266
2199023256472|23
2199023256472|24
2199023256472|31
28587302323188|1013
28587302323188|1016
28587302323188|1019
28587302323188|1022
28587302323208|545
28587302323208|548
28587302323208|549
19791209301288|301
28587302322876|1569
28587302322876|1570
28587302322876|1571
28587302322876|1572
28587302322876|1573
6597069767744|1558
2199023257212|602
6597069768352|906
15393162790380|960
15393162790380|965
15393162790380|966
15393162790380|968
15393162790380|958
10995116277916|1361
10995116277916|1375
19791209300092|1002
15393162789544|949
15393162789544|950
15393162789544|967
15393162789544|957
8796093023864|1321
8796093023864|1322
10995116278104|4
10995116278104|1066
10995116278104|428
10995116279084|544
10995116279084|551
10995116279084|539
10995116279084|1005
37383395345920|150
37383395345920|182
37383395345920|151
37383395345920|171
15393162789912|919
15393162789912|937
15393162789912|921
15393162789912|938
15393162788952|915
15393162788952|934
15393162788952|920
15393162788952|907
460|83
460|460
4398046511484|1365
4398046511484|1385
808|540
808|542
808|543
17592186045196|565
17592186045196|583
24189255811236|453
24189255811236|459
24189255811236|443
24189255811236|478
13194139533448|1057
13194139533448|1044
13194139533448|1078
4398046511176|997
4398046511176|982
4398046511176|986
4398046511176|987
1096|672
26388279067496|400
26388279067496|399
30786325579256|552
30786325579256|538
30786325579256|554
35184372089332|1440
35184372089332|1508
35184372089332|1478
35184372089332|1513
35184372089332|605
19791209300172|475
19791209300172|461
10995116278836|1456
10995116278836|1505
10995116278836|1522
15393162790040|624
15393162790040|663
15393162790040|621
35184372089668|155
35184372089668|172
35184372089668|157
13194139534340|300
13194139534340|303
4398046511908|1505
4398046511908|1459
4398046511908|1492
4398046511908|1509
4398046511908|1486
19791209300364|919
19791209300364|937
19791209300364|923
19791209300364|926
2199023256868|1363
8796093022532|199
17592186045408|857
17592186045408|889
17592186045408|890
17592186045408|894
17592186045408|895
32985348834696|297
15393162789600|758
15393162789600|763
21990232556032|912
21990232556032|928
21990232556032|938
21990232556032|925
21990232556032|911
21990232556604|929
6597069766712|300
17592186045996|914
17592186045996|931
17592186045996|936
17592186044744|1320
17592186044744|1322
17592186044744|1324
15393162789340|930
15393162789340|915
15393162789340|931
1344|70
1344|60
15393162789088|553
15393162789088|539
15393162789088|540
15393162789088|541
8796093022996|1557
8796093022996|1559
8796093022996|1560
21990232556176|933
21990232556176|925
28587302323340|256
28587302323340|257
28587302323340|260
28587302323340|253
10995116279272|673
10995116279272|675
10995116279272|676
10995116279272|678
10995116279272|667
26388279066632|1
26388279066632|3
30786325578612|915
30786325578612|932
30786325578612|922
30786325578612|926
30786325578612|463
30786325578120|544
30786325578120|547
30786325578120|539
30786325578120|541
21990232556036|758
21990232556036|719
30786325578432|888
30786325578432|891
30786325578432|892
6597069766972|1561
2199023257024|538
2199023257024|541
28587302323360|1216
28587302323360|1186
28587302323360|1206
28587302323360|1210
24189255812068|672
24189255812068|676
24189255812068|664
24189255812068|668
24189255812068|669
8796093022904|546
8796093022904|547
8796093022904|550
28587302322808|914
28587302322808|934
28587302322808|907
28587302322808|924
32985348834548|928
21990232555748|399
37383395345760|677
37383395345760|679
37383395345760|664
37383395345760|666
8796093023100|546
8796093023100|551
8796093023100|552
4398046512336|1456
4398046512336|1463
4398046512336|1481
8796093022968|576
8796093022968|566
13194139533940|576
13194139533940|581
15393162789820|939
15393162789820|940
17592186045284|540
1428|1557
1428|1559
1428|1560
19791209300508|917
19791209300508|918
19791209300508|921
26388279067240|896
26388279067240|892
24189255811684|547
6597069767484|135
6597069767484|183
37383395345764|986
37383395345764|988
1420|1522
1420|2
1420|1529
1420|1450
1420|1530
15393162789824|1031
15393162789824|1081
15393162789824|1037
15393162789824|1102
28587302322196|775
28587302322196|776
13194139534936|970
2199023257140|548
2199023257140|549
2199023257140|538
8796093023500|49
8796093023500|68
8796093023500|46
21990232555820|543
15393162789104|897
15393162789104|889
17592186045364|306
17592186045364|299
17592186045364|303
30786325578144|809
30786325578144|811
30786325578144|813
28587302322552|552
28587302322552|553
28587302322552|554
28587302322552|538
28587302322552|543
19791209300156|454
37383395345492|109
796|549
796|551
796|554
21990232556540|545
21990232556540|543
21990232556792|210
21990232556792|215
21990232556792|1502
26388279066660|544
26388279066660|550
26388279066660|554
26388279066660|540
32985348834852|546
32985348834852|547
32985348834852|540
32985348834852|542
10995116279364|1357
8796093022932|546
8796093022932|554
8796093022932|538
24189255812596|1061
37383395345628|896
37383395345628|897
37383395345628|888
37383395345628|892
37383395345628|895
19791209301568|915
19791209301568|131
19791209301568|934
19791209301568|924
28587302322396|422
28587302322396|426
28587302322396|411
28587302322396|430
15393162789808|468
15393162789808|488
15393162789808|447
8796093022884|785
8796093022884|780
8796093022884|796
8796093022884|782
28587302323848|193
28587302323848|186
28587302323848|188
28587302323848|189
37383395346020|930
37383395346020|919
37383395346020|937
37383395346020|908
6597069767176|836
6597069767176|840
6597069767176|841
19791209299968|548
21990232557184|1177
21990232557184|1179
21990232557184|1180
17592186045804|1442
17592186045804|1509
17592186045804|1551
30786325579172|1088
30786325579172|1042
30786325579172|1101
30786325579172|1069
24189255811512|758
30786325578948|140
4398046512700|909
4398046512700|911
26388279066944|1440
26388279066944|1458
26388279066944|1479
26388279066944|1531
26388279066944|1453
21990232555852|912
21990232555852|913
21990232555852|930
21990232555852|908
21990232555852|926
37383395345512|550
37383395345512|552
10995116278408|676
10995116278408|679
10995116278408|669
13194139533520|1568
13194139533520|1310
13194139533520|1567
2199023256904|547
2199023256904|549
2199023256904|552
2199023256904|553
10995116278352|1321
10995116278352|1322
10995116278352|1323
6597069768040|758
6597069767372|903
6597069767372|904
28587302323416|768
28587302323416|770
28587302323416|762
28587302322516|545
28587302322516|547
28587302322516|1571
28587302322516|549
28587302322516|538
21990232556820|919
21990232556820|936
21990232556820|910
21990232556820|927
13194139533548|23
13194139533548|24
13194139533548|26
13194139533548|29
16|978
16|972
1608|296
1608|297
1608|298
21990232556488|931
21990232556488|907
21990232556488|908
2199023256440|552
2199023256440|553
2199023256440|541
37383395344980|354
37383395344980|348
37383395344980|350
4398046511568|946
13194139534524|291
13194139534524|277
13194139534524|281
13194139534524|286
24189255811756|928
24189255811756|911
19791209301404|0
19791209301404|2
19791209301404|5
19791209301404|6
17592186045848|551
17592186045848|543
8796093023876|864
8796093023876|865
37383395346064|1559
37383395346064|1560
37383395346064|825
13194139534212|66
19791209300424|548
19791209300424|551
19791209300424|107
19791209300424|541
19791209300424|542
13194139533732|913
13194139533732|909
17592186045748|1409
17592186045748|1426
17592186045748|1416
17592186045748|1405
32985348833584|544
32985348833584|546
32985348833584|554
32985348833584|539
32985348833584|540
13194139533620|471
13194139533620|477
26388279068184|551
26388279068184|539
26388279068184|540
26388279068184|541
26388279068184|543
26388279067332|1249
26388279067332|1239
26388279067332|1263
19791209300812|865
19791209300812|1560
19791209300812|957
10995116278204|922
10995116278204|908
10995116278204|910
15393162789684|138
15393162789684|175
32985348834096|937
30786325578944|579
30786325578944|563
30786325578944|569
30786325578944|559
17592186044648|656
17592186044648|641
17592186044648|657
17592186044648|623
13194139534424|666
2199023256304|117
2199023256304|110
2199023256304|111
17592186044800|101
17592186044800|102
17592186044800|104
17592186044800|105
30786325577740|296
30786325577740|298
32985348833804|1014
32985348833804|1022
24189255812036|540
19791209300744|548
19791209300744|541
4398046512388|1313
30786325578744|362
30786325578744|347
37383395345452|901
37383395345452|1051
24189255812540|292
24189255812540|294
24189255812540|295
35184372090464|545
35184372090464|554
35184372090464|539
35184372090464|541
19791209300072|965
19791209300072|958
26388279067660|675
26388279067660|680
26388279067660|666
26388279067660|1006
26388279067660|670
17592186045488|1569
17592186045488|1574
30786325578980|930
30786325578980|915
30786325578980|920
30786325578980|907
30786325578980|908
13194139534456|801
13194139534456|787
13194139534456|805
13194139534456|791
13194139534456|783
28587302322456|928
28587302322456|915
28587302322456|931
28587302322456|920
28587302322456|936
10995116277892|399
21990232556212|26
13194139534224|1114
13194139534224|124
35184372089300|1314
35184372089300|1304
35184372089300|1306
35184372089300|1308
35184372089300|1311
17592186045876|540
19791209300060|1117
19791209300060|1118
4398046511608|548
4398046511608|553
4398046511608|543
6597069767996|178
6597069767996|168
6597069767996|143
35184372090028|1568
1364|795
1364|783
32985348833688|541
100|22
28587302322464|594
28587302322464|601
28587302322464|590
37383395345572|183
28587302322760|1064
13194139534228|892
13194139534228|895
24189255811364|4
24189255811364|5
4398046511172|890
4398046511172|892
26388279066708|1377
26388279066708|1365
26388279066708|1356
26388279066708|1388
26388279066708|1373
1412|544
1412|552
2199023255672|832
2199023255672|840
2199023255672|841
2199023255672|809
2199023255672|842
24189255811168|928
24189255811168|916
24189255811168|925
6597069767700|799
6597069767700|783
19791209300504|1226
19791209300504|1227
19791209300504|1229
19791209300504|1230
21990232555880|544
21990232555880|546
21990232555880|548
21990232555880|554
37383395345260|499
37383395345260|503
37383395345260|491
37383395345260|492
37383395345260|1118
21990232556972|912
21990232556972|935
21990232556972|905
21990232556972|908
35184372089188|458
35184372089188|445
35184372089188|479
17592186045356|1520
17592186045356|1442
17592186045356|1451
28587302322848|834
28587302322848|839
28587302322848|840
28587302322848|828
28587302322848|831
8796093022260|677
8796093022260|665
8796093022260|666
8796093022260|670
15393162789716|708
15393162789716|710
15393162789716|701
13194139534060|199
13194139534060|202
26388279066772|923
26388279066772|907
26388279066772|927
10995116279452|598
10995116279452|603
10995116279452|591
15393162789532|434
15393162789532|420
15393162789532|441
15393162790112|576
15393162790112|561
15393162790112|562
15393162790112|582
35184372090400|735
35184372090400|1439
15393162789420|912
15393162789420|929
15393162789420|938
15393162789420|926
15393162789420|1566
19791209301580|547
19791209301580|550
19791209301580|554
21990232556360|800
21990232556360|802
21990232556360|805
21990232556360|780
32985348834672|544
32985348834672|545
32985348834672|547
32985348834672|538
13194139534868|593
13194139534868|598
13194139534868|599
13194139534868|590
24189255812476|865
24189255811896|125
24189255811896|126
24189255811896|127
30786325578988|1156
30786325578988|1142
30786325578988|1148
8796093023364|225
8796093023364|234
8796093023364|237
37383395344948|578
37383395344948|562
37383395344948|567
37383395344948|584
8796093023824|888
8796093023824|889
8796093023824|890
8796093023824|892
8796093023824|895
15393162788944|889
15393162788944|895
13194139533664|545
13194139533664|548
13194139533664|553
13194139533664|542
21990232556052|482
21990232556052|468
21990232556052|457
21990232556052|447
10995116278132|809
8796093023896|1310
37383395345524|801
37383395345524|802
37383395345524|805
37383395345524|794
37383395345524|795
24189255812612|930
24189255812612|931
24189255812612|927
8796093023892|541
28587302322840|722
28587302322840|726
28587302322840|719
35184372088972|1416
10995116278996|930
10995116278996|933
10995116278996|920
10995116278996|937
2199023255744|545
2199023255744|550
2199023255744|539
2199023255744|543
756|833
756|836
756|842
756|843
756|829
4398046511652|1172
4398046511652|1150
19791209300956|544
19791209300956|539
8796093023536|928
8796093023536|736
8796093023536|913
8796093023536|920
8796093023536|911
21990232557020|896
21990232557020|1557
21990232557020|1558
26388279066936|917
26388279066936|920
24189255812528|1059
24189255812528|1095
13194139533372|444
13194139533372|445
24189255812380|135
24189255812380|170
24189255812380|158
21990232556524|960
21990232556524|966
21990232556524|968
21990232556524|955
21990232556524|959
30786325577944|961
30786325577944|952
30786325577944|956
30786325577944|959
13194139534588|231
13194139534588|239
10995116278524|160
10995116278524|137
10995116278524|155
10995116278524|139
10995116278524|158
2199023257136|544
30786325578736|585
30786325578736|540
30786325578736|590
35184372089116|1397
13194139534284|1057
24189255811232|961
24189255811232|963
24189255811232|953
24189255811232|955
412|603
412|604
2199023256616|937
24189255811180|824
24189255811180|825
24189255811180|827
1448|1559
1448|1560
1448|1561
26388279067552|545
26388279067552|546
26388279067552|1285
26388279067552|551
26388279067684|484
26388279067684|472
32985348833732|934
32985348833732|920
32985348833732|937
32985348833732|907
21990232557140|544
21990232557140|546
21990232557140|552
21990232557140|540
10995116278912|1025
10995116278912|1094
10995116278912|1001
10995116278912|523
10995116278912|1085
15393162789840|545
15393162789840|540
21990232557164|216
26388279066876|1172
26388279066876|1159
26388279066876|1146
2199023256608|935
2199023256608|921
2199023256608|910
8796093022784|108
8796093022784|109
15393162790368|3
15393162790368|4
15393162790368|5
6597069768144|540
30786325578576|452
30786325578576|477
8796093022976|314
26388279067480|546
26388279067480|550
26388279067480|552
26388279067480|539
15393162789464|464
6597069768148|265
6597069768148|266
6597069768148|287
19791209300656|967
19791209300656|953
19791209300656|956
30786325578300|677
30786325578300|678
30786325578300|665
30786325578300|682
8796093023144|758
13194139533496|1557
13194139533496|1561
4398046512328|544
4398046512328|551
4398046512328|553
4398046512328|542
35184372090136|1295
2199023256752|1015
2199023256752|1018
2199023256752|1021
1640|547
1640|538
1640|543
10995116278328|1121
10995116278328|1125
10995116278328|1119
4398046512392|1317
4398046512392|1303
28587302322920|33
28587302322920|22
28587302322920|24
28587302322920|26
26388279066736|544
26388279066736|698
26388279066736|538
26388279066736|542
30786325579248|261
30786325579248|280
30786325579248|267
30786325579248|268
32985348834756|971
32985348834756|972
32985348834756|974
1204|107
1204|108
1204|109
4398046511440|544
4398046511440|546
4398046511440|547
4398046511440|553
21990232556240|936
19791209300164|532
19791209300164|533
6597069767044|550
6597069767044|543
10995116278624|1377
10995116278624|1366
10995116278624|1354
10995116278624|1374
10995116278952|705
19791209300372|465
19791209300372|820
24189255811104|785
24189255811104|789
24189255811104|807
24189255811104|792
24189255811104|778
21990232556064|965
21990232556064|966
21990232556064|952
21990232556064|955
21990232556064|957
35184372088984|933
35184372088984|927
35184372088984|911
10995116278656|1557
10995116278656|1559
35184372088856|913
35184372088856|933
1628|680
30786325578528|1045
30786325578528|1066
30786325578528|1035
30786325577988|1557
30786325577988|1558
30786325577988|1560
30786325577988|1561
35184372090424|568
35184372090424|574
26388279067104|952
26388279067104|955
17592186046068|1118
24189255812164|548
24189255812164|538
24189255812164|543
35184372090060|368
35184372090060|359
35184372090060|365
35184372090060|351
26388279067920|891
19791209300752|1378
19791209300752|1379
19791209300752|1365
19791209300752|1382
19791209300752|1385
1180|993
1180|994
1180|991
32985348833492|1360
32985348833492|1382
32985348833556|437
32985348833556|425
32985348833556|430
37383395344428|1027
37383395344428|1046
37383395344428|815
30786325579152|946
30786325579152|941
26388279067232|385
26388279067232|388
8796093022736|801
8796093022736|789
8796093022736|791
8796093022736|796
2199023256576|548
2199023256576|540
21990232556892|1569
21990232556892|1574
19791209300828|545
28587302322180|1564
28587302322180|1566
37383395345044|1297
37383395345044|1298
37383395345044|1302
37383395345740|1014
37383395345740|1020
4398046511168|1012
4398046511168|263
4398046511168|285
4398046511168|286
4398046511168|271
35184372089100|708
35184372089100|693
35184372089100|712
35184372089100|697
35184372089100|700
13194139534792|473
13194139534792|461
13194139534792|446
13194139534792|1567
32985348833576|577
32985348833576|569
32985348833576|572
32985348833576|575
24189255812004|149
24189255812004|165
10995116278196|1001
10995116278196|1002
8796093023740|181
37383395344412|1248
2199023256532|961
2199023256532|953
2199023256532|954
2199023256532|958
13194139533820|1568
37383395345556|1104
28587302322664|791
30786325578364|400
30786325578364|917
30786325578364|935
30786325578364|925
30786325578364|927
37383395345264|894
448|938
24189255811804|903
26388279067248|553
26388279067248|539
1312|919
1312|935
1312|926
32985348833578|104
35184372089126|546
10995116278578|919
10995116278578|921
10995116278578|911
17592186045034|545
17592186045034|546
17592186045034|548
17592186045034|549
17592186045034|553
10995116278006|211
10995116278006|245
10995116278006|220
35184372089426|818
8796093022582|145
8796093022582|167
8796093022582|156
14|603
14|589
14|591
6597069767638|26
6597069767638|29
21990232556266|1573
21990232556266|1308
21990232556266|1326
4398046512642|550
4398046512642|541
1494|907
1494|924
17592186044846|1444
17592186044846|1512
13194139533758|721
13194139533758|726
13194139533758|553
13194139533758|716
13194139533758|718
30786325579386|1568
8796093023290|1342
6597069767390|930
6597069767390|932
2199023255994|1001
32985348833598|758
37383395344878|1572
2199023255686|864
2199023255686|865
35184372089586|546
35184372089586|251
35184372089586|540
35184372089586|541
30786325579250|674
30786325579250|675
26388279067874|758
4398046511230|809
4398046511230|810
4398046511230|811
4398046511230|812
19791209301590|915
19791209301590|909
19791209301590|926
19791209301590|911
37383395346026|548
21990232556238|913
21990232556238|915
21990232556238|927
10995116278554|913
10995116278554|920
24189255811142|917
24189255811142|935
24189255811142|920
26388279067382|545
26388279067382|548
26388279067382|542
26388279067382|543
37383395345078|809
37383395345078|810
37383395345078|811
4398046512158|996
4398046512158|989
37383395344394|453
37383395344394|489
13194139534658|1105
13194139534658|1060
13194139534658|1039
13194139534658|1055
30786325578002|785
30786325578002|793
13194139534898|181
13194139534898|184
10995116278314|1171
10995116278314|1159
10995116278314|1151
17592186044738|897
17592186044738|891
17592186044738|895
15393162790526|1083
24189255811914|538
24189255811914|554
24189255811914|542
8796093023070|112
8796093023070|113
8796093023070|120
4398046511934|545
4398046511934|550
21990232556898|550
21990232556898|551
21990232556898|553
21990232556898|1276
37383395345414|122
37383395345414|125
2199023256810|920
19791209301666|1250
19791209301666|1126
19791209301666|1242
19791209301666|1247
21990232557010|1459
21990232557010|1477
21990232557010|1446
21990232557010|1514
30786325577994|1247
26388279068302|912
26388279068302|930
26388279068302|931
26388279068302|905
26388279068302|12
32985348834358|549
1374|896
1374|887
1374|889
1374|891
1374|895
2199023256946|912
2199023256946|930
2199023256946|915
2199023256946|916
2199023256946|917
13194139534574|260
19791209300778|933
19791209300778|935
19791209300778|922
19791209300778|906
19791209300778|924
17592186044706|897
17592186044706|887
30786325578006|480
30786325578006|1040
30786325578006|485
30786325578006|456
30786325578006|475
37383395345706|664
19791209300150|1344
19791209300150|1333
19791209300150|1350
19791209300150|1342
24189255812278|1456
24189255812278|1521
24189255812278|1271
24189255812278|1466
786|1281
786|305
30786325577918|2
30786325577918|5
4398046512162|5
26388279068038|112
26388279068038|120
26388279068038|121
26388279068038|111
28587302323346|912
28587302323346|937
28587302323346|938
28587302323346|924
24189255811622|534
24189255811622|535
24189255811622|536
4398046512778|1250
4398046512778|1235
4398046512778|1240
4398046512778|1242
4398046512778|1260
35184372089170|576
35184372089170|578
35184372089170|563
10995116277782|680
10995116277782|666
10995116277782|670
1682|777
6597069766802|764
6597069767598|729
6597069767598|957
15393162790214|546
15393162790214|549
15393162790214|550
15393162790214|552
37383395344870|825
37383395344870|827
13194139533562|553
13194139533562|538
13194139533562|539
13194139533562|542
35184372089406|69
35184372089406|73
35184372089406|76
13194139534942|546
13194139534942|539
4398046511930|147
4398046511930|167
4398046511930|143
26388279067554|978
26388279067554|1015
26388279067554|1016
28587302322594|551
28587302322594|553
19791209300782|496
19791209300782|497
19791209300782|503
19791209300782|490
6597069767362|541
6597069767362|542
24189255812134|1112
24189255812134|1115
26388279067202|934
8796093022282|544
8796093022282|552
8796093022282|553
8796093022282|541
166|106
166|109
46|787
46|779
46|781
46|799
10995116278322|113
10995116278322|114
2199023256914|544
2199023256914|545
2199023256914|541
15393162790474|935
15393162790474|938
10995116278066|908
35184372089698|936
35184372089698|910
32985348834214|545
32985348834214|547
32985348834214|540
30786325578598|497
30786325578598|490
32985348834574|569
32985348834574|558
10995116279358|550
10995116279358|1528
10995116279358|542
2199023256230|960
2199023256230|949
2199023256230|774
2199023256230|968
2199023256230|957
15393162789762|916
15393162789762|909
2199023256562|917
2199023256562|907
28587302322398|896
28587302322398|888
28587302322398|894
28587302322398|895
32985348834006|933
32985348834006|927
37383395344954|546
37383395344954|548
37383395344954|538
37383395344954|542
15393162789178|965
15393162789178|951
13194139534474|292
30786325578606|983
30786325578606|984
30786325578606|986
21990232555934|545
21990232555934|546
21990232555934|550
35184372090158|334
28587302322810|288
28587302322810|289
28587302322810|838
28587302322810|281
28587302322810|333
35184372090274|912
35184372090274|929
35184372090274|907
35184372090274|926
10995116278230|1009
10995116278230|1010
10995116278230|1012
4398046512286|544
4398046512286|553
4398046512286|554
19791209300650|551
19791209300650|542
24189255811154|809
24189255811154|810
35184372088910|532
35184372088910|534
35184372088910|535
4398046511870|921
4398046511870|924
4398046511870|908
19791209301538|1299
24189255812674|469
24189255812674|455
24189255812674|457
21990232556558|915
21990232556558|916
21990232556558|933
21990232556558|936
21990232556558|937
10995116278390|179
10995116278390|935
10995116278390|170
10995116278390|171
10995116278390|159
13194139534454|544
13194139534454|546
13194139534454|553
13194139534454|538
13194139534454|543
17592186045670|537
26388279067726|257
26388279067726|253
26388279067726|254
30786325578354|672
30786325578354|665
30786325578354|668
30786325578354|669
30786325578354|671
4398046512138|804
4398046512138|789
4398046512138|807
4398046512138|798
4398046512138|799
17592186044798|208
17592186044798|1011
17592186044798|205
17592186044798|206
4398046511458|38
4398046511458|71
4398046511458|42
4398046511458|63
8796093022726|301
32985348834386|421
37383395345914|913
37383395345914|908
37383395345914|925
17592186044866|1558
17592186044866|903
490|551
490|541
490|543
42|8
6597069768234|539
6597069768234|542
1286|1031
26388279067426|1105
30786325579234|962
30786325579234|950
30786325579234|983
30786325579234|951
30786325579234|957
28587302323090|992
28587302323090|993
28587302323090|997
28587302323090|983
28587302323090|987
10995116279130|929
10995116279130|930
10995116279130|906
21990232556170|541
32985348833410|787
32985348833410|806
32985348833410|778
32985348833410|798
2199023255590|800
2199023255590|808
2199023255590|780
2199023255590|798
30786325578370|464
30786325578370|467
30786325578370|485
30786325578370|462
28587302322534|255
30786325578366|1049
30786325578366|1054
19791209300502|513
19791209300502|500
19791209300502|491
19791209300502|735
13194139534610|892
8796093022442|848
8796093022442|851
8796093022442|853
8796093022442|109
10995116278482|547
10995116278482|551
10995116278482|553
10995116278482|540
66|547
66|551
8796093023658|914
8796093023658|935
8796093023658|921
8796093023658|905
21990232555526|928
21990232555526|938
21990232555526|924
21990232555526|925
21990232555526|909
24189255811326|165
24189255811326|182
24189255811326|170
28587302323510|934
28587302323510|920
28587302323510|937
28587302323510|925
28587302323510|926
6597069767462|819
6597069767462|820
13194139533966|1033
4398046511938|565
4398046511938|571
4398046511938|587
30786325578202|548
30786325578202|539
30786325578202|543
8796093022910|793
8796093022910|798
8796093022910|783
28587302322718|400
28587302322718|399
24189255812506|977
24189255812506|979
24189255812506|981
21990232557062|548
21990232557062|541
21990232557062|543
17592186045338|925
37383395344866|1472
37383395344866|1476
37383395344866|1498
37383395344866|1516
13194139534730|260
13194139534730|253
13194139534730|255
17592186045890|996
17592186045890|990
17592186044850|1348
17592186044850|1349
37383395345222|1557
37383395345222|1558
37383395345222|1559
37383395345222|1560
24189255811178|161
24189255811178|184
24189255811178|156
10995116277934|1155
10995116277934|1140
10995116277934|1159
10995116277934|1143
10995116277934|1145
6597069767418|539
6597069767418|541
17592186044674|1085
6597069766942|895
19791209300926|541
19791209300926|1229
35184372090046|570
2199023255782|1558
30786325579294|545
30786325579294|540
10995116278498|1559
10995116278498|1560
8796093023282|932
8796093023282|920
8796093023282|923
8796093023282|909
24189255812158|184
24189255812574|963
24189255812574|967
24189255812574|954
24189255812574|959
8796093023802|354
4398046512254|787
4398046512254|789
4398046512254|794
4398046512254|783
28587302323802|817
28587302323802|707
28587302323802|709
28587302323802|712
1130|546
1130|549
1130|554
1130|541
2199023255898|1140
2199023255898|1144
2199023255898|1146
21990232556130|1568
21990232556130|1228
21990232556130|1567
35184372089878|1362
35184372089878|1381
35184372089878|1371
35184372089878|1564
2199023255778|1558
2199023255778|1560
28587302323130|430
28587302323130|431
30786325579118|676
30786325579118|679
30786325579118|682
17592186044566|789
17592186044566|779
17592186044566|799
19791209300814|545
19791209300814|777
19791209300814|538
19791209300814|540
1270|753
1270|991
24189255812238|1553
24189255812238|1542
24189255812238|1544
24189255812238|1551
35184372089798|299
35184372089798|300
35184372089798|301
26388279067078|487
26388279067078|455
2199023255862|789
17592186045698|725
28587302322562|528
28587302322562|526
21990232556666|553
21990232556666|542
21990232556666|543
32985348833450|162
32985348833450|146
32985348833450|164
32985348833450|170
32985348833450|139
30786325578070|1193
30786325578070|1195
10995116279270|549
10995116279270|553
4398046512238|1001
4398046512238|1002
21990232555802|758
4398046512342|591
32985348833938|539
32985348833938|542
13194139534926|666
13194139534926|667
37383395345882|917
37383395345882|920
24189255811282|918
24189255811282|927
32985348833610|706
32985348833610|712
32985348833610|713
32985348833610|701
26388279066734|1489
26388279066734|1510
26388279066734|1527
26388279066734|1512
26388279066734|1519
35184372090502|173
24189255812262|933
24189255812262|906
24189255812262|923
37383395346002|542
21990232556290|544
21990232556290|545
21990232556290|549
21990232556290|542
24189255812078|707
24189255812078|538
17592186045934|862
2199023256738|325
2199023256738|326
2199023256738|328
2199023256738|316
1646|549
2199023256458|758
4398046511602|547
4398046511602|550
21990232557074|928
21990232557074|914
21990232557074|931
21990232557074|932
2199023256446|1366
2199023256446|1368
2199023256446|1370
2199023256446|1371
2199023256446|1357
15393162789106|545
15393162789106|548
1582|784
1582|548
1582|745
13194139533714|547
13194139533714|551
15393162790322|758
15393162789066|1177
8796093023194|1558
24189255812042|930
24189255812042|906
24189255812042|909
24189255812042|925
37383395344998|533
37383395344998|534
37383395344998|535
37383395344998|537
19791209300358|840
19791209300358|843
19791209300358|829
19791209300358|830
8796093023402|577
8796093023402|561
8796093023402|579
8796093023402|572
26388279068318|297
10995116279002|1267
10995116279002|1244
10995116279002|1261
15393162789958|106
15393162789958|107
15393162789958|108
28587302322766|0
28587302322766|1
28587302322766|4
28587302322766|6
17592186045590|937
17592186045590|911
8796093022986|308
8796093022986|325
8796093022986|328
37383395345374|933
37383395345374|908
26388279067742|538
26388279067742|554
10995116278326|1570
10995116278326|1571
10995116278326|1572
6597069767006|108
2199023256666|546
2199023256666|549
2199023256666|551
24189255812554|8
24189255812554|9
2199023256302|614
35184372089270|1009
35184372089270|774
35184372089270|1117
19791209300182|1154
19791209300182|1317
19791209300182|551
19791209300182|1304
8796093023782|512
8796093023782|497
8796093023782|501
8796093023782|505
8796093023782|508
4398046511802|1091
4398046511802|1108
30786325579198|917
15393162790390|1376
15393162790390|1364
15393162790390|1351
15393162790390|1358
21990232556618|296
21990232556618|297
6597069767834|552
6597069767834|540
30786325579070|501
30786325579070|492
30786325579070|1214
30786325579070|511
32985348834010|548
32985348834010|538
26388279067210|1567
24189255812066|538
6597069767706|1169
28587302322266|1558
28587302322266|1559
17592186044826|183
13194139534338|1557
13194139534338|1558
13194139534338|1560
13194139534338|1561
15393162789322|185
15393162789322|143
30786325577790|400
30786325577790|399
4398046512570|541
4398046512570|542
4398046512570|543
28587302322210|22
28587302322210|26
28587302322210|30
21990232555642|553
690|36
690|202
690|203
6597069767262|624
6597069767262|649
26388279068086|25
26388279068086|26
24189255811738|892
24189255811738|894
15393162789718|906
2199023256818|545
2199023256818|546
2199023256818|551
2199023256818|539
19791209300374|163
19791209300374|182
19791209300374|174
32985348833838|903
32985348833838|1117
32985348833838|1118
2199023256294|198
32985348834502|721
32985348834502|724
32985348834502|727
32985348834502|718
17592186045334|1297
17592186045334|1298
17592186045334|1299
35184372089370|400
35184372089370|109
6597069767722|676
6597069767722|666
6597069767722|668
6597069767722|671
30786325578098|548
30786325578098|551
30786325578098|890
30786325578098|540
30786325578098|543
32985348834242|914
32985348834242|937
32985348834242|938
32985348834242|908
32985348834242|909
4398046511926|1018
35184372090190|487
35184372090190|474
30786325578706|201
30786325578706|203
6597069767182|933
32985348833950|181
32985348833950|166
32985348833950|135
32985348833950|167
8796093022606|7
8796093022606|8
8796093022606|9
21990232556230|851
21990232556230|1002
24189255812726|1184
24189255812726|360
15393162790310|937
15393162790310|1006
19791209300870|929
19791209300870|916
19791209300870|919
19791209300870|938
19791209300870|906
2199023255978|966
28587302322542|1567
10995116278182|674
24189255811930|532
24189255811930|534
24189255811930|535
10995116279162|1016
10995116279162|1020
17592186044574|890
17592186044574|892
17592186044574|893
32985348834886|1228
32985348834886|1230
21990232556562|299
21990232556562|300
15393162789990|930
15393162790318|11
4398046512502|928
4398046512502|913
4398046512502|933
10995116278970|934
32985348834254|468
32985348834254|471
32985348834254|458
32985348834254|460
32985348834254|461
30786325578190|4
30786325578190|5
30786325578190|6
6597069767446|324
6597069767446|308
6597069767446|326
6597069767446|312
6597069767446|328
26388279068310|513
26388279068310|503
26388279068310|508
26388279068310|494
4398046512338|554
35184372089378|1090
35184372089378|1107
35184372089378|1050
30786325577990|7
30786325577990|8
30786325577990|11
4398046512770|896
4398046512770|888
4398046512770|889
21990232556302|1448
21990232556302|1480
21990232556302|1529
21990232556302|1485
21990232556302|1502
32985348833966|1412
32985348833966|1417
32985348833966|1435
1230|1510
1230|1519
478|1072
478|1040
478|1026
478|1044
478|1065
28587302323738|467
15393162789466|952
15393162789466|968
32985348834914|0
32985348834914|2
32985348834914|4
30786325578557|1297
30786325578557|1299
30786325578557|1301
35184372088997|544
35184372088997|539
35184372088997|543
24189255811765|1520
24189255811765|1453
24189255811765|1470
24189255811765|1471
24189255811765|1503
19791209301265|304
19791209301265|300
19791209301265|303
15393162788901|912
15393162788901|932
15393162788901|919
24189255811369|1136
24189255811369|108
8796093023117|447
2199023256965|3
2199023256965|6
15393162790285|256
15393162790285|921
15393162790285|908
15393162790285|925
15393162790285|926
1661|805
8796093023625|8
8796093023625|9
35184372089449|1264
35184372089449|1250
35184372089449|1237
35184372089449|1272
15393162789253|789
15393162789253|806
6597069768193|1403
8796093022945|546
21990232557053|1520
21990232557053|1505
21990232557053|1479
21990232557053|1511
24189255811917|304
24189255811917|306
19791209300985|433
19791209300985|422
19791209300985|412
32985348833585|866
37383395344705|304
37383395344705|921
37383395344705|923
37383395344705|927
15393162789357|1001
15393162789357|1002
21990232556617|289
21990232556617|278
21990232556617|263
21990232556617|280
21990232556617|282
24189255812681|582
24189255812681|583
24189255812681|568
24189255812681|1193
24189255812681|588
13194139533901|903
13194139533901|904
17592186045589|1027
17592186045589|1034
30786325578881|512
30786325578881|497
30786325578881|490
30786325578881|492
37383395344633|809
37383395344633|810
37383395344633|811
37383395344633|813
26388279067781|553
6597069767969|961
6597069767969|962
6597069767969|952
6597069767969|959
13194139533965|775
13194139533965|44
26388279067933|1104
26388279067933|1058
26388279067933|1062
26388279067933|1066
26388279067933|1082
24189255812145|888
24189255812145|889
24189255812145|892
24189255812145|893
17592186044725|1226
17592186044725|1228
17592186044725|1229
17592186044725|1230
19791209300789|906
19791209300789|924
1425|928
1425|916
1425|938
1425|906
30786325579221|934
30786325579221|936
28587302323537|929
28587302323537|818
28587302323537|938
28587302323537|923
17592186045169|788
35184372089429|937
35184372089429|925
35184372089429|910
35184372089429|926
2199023257093|887
2199023257093|891
2199023257093|892
2199023257093|894
28587302323609|1001
28587302323609|1002
28587302323609|655
28587302322805|544
701|728
701|729
37383395345249|304
37383395345249|301
8796093023321|801
8796093023321|796
8796093023321|782
30786325578369|969
30786325578369|973
2199023257001|549
2199023257001|550
2199023257001|552
35184372089133|150
35184372089133|153
35184372089133|169
4398046511377|7
4398046511377|9
1505|923
32985348833353|913
13194139533753|919
13194139533753|937
30786325578377|156
4398046512669|720
19791209300485|523
19791209300485|525
37383395345729|758
35184372090485|896
35184372090485|897
35184372090485|890
35184372090485|892
24189255812037|296
24189255812037|298
30786325578829|541
26388279067029|1382
26388279067029|938
26388279067029|927
32985348834169|961
32985348834169|962
32985348834169|964
32985348834169|967
35184372088985|1465
35184372088985|1117
10995116279153|567
4398046512629|949
30786325579405|276
30786325579405|278
30786325579405|267
30786325579405|286
30786325579405|271
181|304
181|306
181|307
181|303
15393162789041|802
15393162789041|798
15393162789041|783
6597069767597|582
6597069767597|566
6597069767597|586
8796093023573|208
8796093023573|205
24189255811785|372
24189255811785|388
6597069768129|778
32985348833781|1241
10995116278785|1361
10995116278785|1377
10995116278785|1370
35184372089633|384
35184372089633|385
35184372089633|386
35184372089633|907
35184372089633|380
1037|464
1037|456
1037|472
1037|474
1037|463
30786325578981|471
30786325578981|458
30786325578981|461
21990232556121|547
21990232556121|548
21990232556121|550
21990232556121|551
21990232556121|538
13194139534129|1320
10995116278421|1117
10995116278421|1118
6597069767381|1232
6597069767381|1231
30786325578253|865
30786325578253|866
4398046511453|205
4398046511453|207
32985348834257|1174
32985348834257|1178
32985348834257|1179
19791209301021|679
19791209301021|666
19791209301021|667
10995116278397|566
10995116278397|585
10995116278397|588
10995116278397|558
37383395345501|533
37383395345501|535
37383395345501|343
35184372088917|921
35184372088917|922
35184372088917|908
35184372088917|925
35184372088917|927
32985348834665|769
32985348834665|759
32985348834665|765
32985348834665|766
13194139533545|1312
13194139533545|1305
13194139533545|1131
13194139533545|1309
10995116278753|927
24189255812389|905
37383395346069|544
26388279067001|1316
19791209300421|544
19791209300421|545
19791209300421|540
6597069766793|258
6597069768281|7
6597069768281|10
6597069768281|11
2199023256889|175
773|1459
773|101
773|1526
773|1466
773|1450
1065|896
1065|889
1065|890
1065|891
1065|892
32985348834573|545
32985348834573|550
32985348834573|553
32985348834573|542
4398046512405|700
24189255812685|1317
24189255812685|298
30786325578177|961
30786325578177|963
30786325578177|950
30786325578177|953
30786325578689|1019
32985348834181|163
32985348834181|876
32985348834181|142
1605|544
1605|547
1605|554
6597069766725|368
6597069766725|675
6597069766725|669
6597069766725|670
19791209300141|920
19791209300141|937
28587302323209|924
13194139534869|931
13194139534869|907
35184372089973|545
2199023255641|538
13194139534509|1557
13194139534509|1558
13194139534509|1559
13194139534509|1560
13194139534509|1561
37383395344541|912
37383395344541|928
37383395344541|935
37383395344541|923
13194139533641|1296
8796093022589|543
561|929
561|914
561|921
561|922
561|911
28587302323565|917
28587302323565|918
28587302323565|908
28587302323633|913
28587302323633|911
705|1324
705|1325
15393162790445|585
15393162790445|251
15393162790445|557
4398046512197|1560
24189255811441|914
24189255811441|906
24189255811441|909
17592186045577|256
17592186045577|927
30786325578929|1316
30786325578929|548
30786325578929|551
26388279068185|544
26388279068185|548
26388279068185|549
26388279068185|554
17592186045201|824
17592186045201|826
26388279067353|309
28587302323557|738
28587302323557|742
28587302323557|745
32985348833637|1560
35184372089265|1557
17592186044729|1025
17592186044881|916
17592186044881|918
17592186044881|920
17592186044881|908
2199023255797|1001
4398046511169|132
4398046511169|758
37383395344409|657
37383395344409|644
37383395344409|663
37383395344409|637
28587302323545|464
28587302323545|450
28587302323545|467
28587302323545|485
28587302323545|477
17592186045817|106
17592186045817|107
17592186045817|109
21990232555741|729
15393162789145|931
15393162789145|906
28587302323401|179
28587302323401|168
32985348833481|1361
32985348833481|1353
32985348833481|1370
32985348833481|1357
15393162789277|3
15393162789277|1348
15393162789277|1338
15393162789277|1327
13194139533457|1444
13194139533457|1453
13194139533457|1487
32985348834129|322
32985348834129|324
10995116279197|465
10995116279197|452
30786325578101|281
26388279067293|1233
26388279067293|769
19791209300501|785
19791209300501|782
24189255812741|1560
24189255812561|887
24189255812561|892
35184372090153|1558
35184372090153|1559
35184372090153|1560
6597069767561|549
6597069767561|550
6597069767561|552
6597069767561|539
19791209300613|43
35184372089909|838
35184372089909|830
19791209300925|192
19791209300925|186
19791209300925|190
6597069767221|148
6597069767221|166
6597069767221|170
6597069767221|154
6597069767221|141
37383395345973|353
37383395345973|354
37383395345973|357
37383395345221|547
37383395345221|583
37383395345221|552
37383395345221|541
26388279066641|811
26388279067685|915
26388279067685|921
26388279067761|532
26388279067761|534
26388279067761|535
2199023257197|933
2199023257197|937
2199023257197|925
15393162789081|643
15393162789081|661
15393162789081|647
15393162789081|638
2199023255869|865
2199023255869|866
24189255811905|809
24189255811905|810
24189255811905|811
24189255811905|812
30786325579197|574
30786325579197|559
10995116278729|1557
10995116278729|398
13194139534949|565
13194139534949|555
13194139534949|573
30786325578333|833
30786325578333|835
30786325578333|842
13194139533577|1313
13194139533577|1307
2199023256313|548
2199023256313|549
2199023256313|550
2199023256313|541
2199023256425|401
2199023256425|402
2199023256425|409
2199023257181|550
2199023257181|551
2199023257181|543
881|1332
881|1109
881|1333
881|1327
4398046511357|448
4398046511357|450
4398046511357|443
37383395346041|1223
37383395346041|1224
37383395346041|1196
2199023256361|480
2199023256361|483
2199023256361|455
2199023256361|488
2199023256361|585
17592186044513|546
17592186044513|543
1305|1344
1305|1332
1305|1338
6597069767449|1018
6597069767449|1020
4398046512769|968
4398046512769|956
4398046512769|957
529|960
529|965
28587302322645|1558
28587302322645|1560
28587302322645|1561
24189255811789|545
24189255811789|550
24189255811789|543
35184372089257|1570
21990232557153|1100
21990232556241|553
21990232556241|554
933|1226
933|1229
24189255811985|726
21990232555921|448
21990232555921|465
21990232555921|475
21990232555921|445
2199023255949|7
2199023255949|8
2199023255949|9
2199023255949|1129
2199023255949|10
10995116279201|977
10995116279201|978
10995116279201|979
10995116279201|980
32985348834561|929
32985348834561|935
32985348834561|920
37383395344977|483
37383395344977|455
37383395344977|442
30786325578533|1568
30786325578533|548
30786325578533|551
30786325578533|554
19791209300333|930
19791209300333|932
19791209300333|936
19791209300333|921
19791209300333|907
24189255812301|1523
24189255812301|1479
24189255812301|1487
21990232556205|1017
21990232556205|1022
981|736
6597069766789|704
6597069766789|696
6597069766789|712
6597069766789|697
6597069766789|1180
6597069767205|1557
4398046512345|929
4398046512345|913
4398046511689|930
4398046511689|919
4398046511689|920
4398046511689|938
4398046511689|908
2199023256905|1090
2199023256905|1095
2199023256905|1023
2199023256573|1557
2199023256573|1561
17592186045993|101
17592186045993|1337
21990232556073|1557
21990232556073|1558
21990232556073|1560
6597069767849|1073
6597069767849|1058
6597069767849|1075
6597069767849|1060
2199023255737|803
2199023255737|805
2199023255737|732
37383395344993|551
37383395344993|552
37383395344993|554
37383395344993|539
26388279067997|1409
26388279067997|1410
26388279067997|1114
26388279067997|1389
28587302323205|1435
28587302323205|1436
2199023255573|890
2199023255573|892
17592186044525|542
8796093023289|665
15393162788877|1331
15393162788877|1333
15393162788877|1337
15393162788877|1340
15393162788877|1341
37383395345473|546
37383395345473|539
10995116278449|1472
10995116278449|1474
10995116278449|1459
37383395345709|933
37383395345709|909
17592186044645|1200
17592186044645|1186
17592186044645|1197
17592186044645|1215
15393162789781|1569
15393162789781|1572
1681|256
19791209300453|1329
19791209300453|1348
19791209300453|1350
19791209300453|1336
15393162789325|818
15393162789325|820
15393162789325|822
15393162789325|1126
21990232556317|907
21990232556317|925
13194139535005|532
28587302322673|548
28587302322673|541
24189255811649|864
24189255811649|865
24189255811649|866
19791209300225|1345
19791209300225|1327
2199023256293|920
35184372089373|578
35184372089373|557
10995116277761|496
10995116277761|514
10995116277761|293
10995116277761|507
21990232556301|1185
21990232556301|1196
21990232556301|1181
21990232556301|1182
21990232556493|809
21990232556493|811
21990232556493|813
8796093023653|611
8796093023653|532
8796093023653|533
8796093023653|536
13194139534533|553
13194139534533|543
24189255812761|1008
24189255812761|913
24189255812761|929
6597069768249|417
6597069768249|436
6597069768249|414
17592186045677|162
17592186045677|164
30786325578933|930
30786325578933|915
30786325578933|916
30786325578933|907
21990232555781|1073
2199023256377|594
2199023256377|1557
2199023256377|1558
8796093022629|1549
4398046511273|549
32985348833861|276
32985348833861|424
32985348833861|282
8796093022501|1029
8796093022501|1101
4398046511989|489
4398046511989|446
4398046511989|463
19791209300601|914
19791209300601|917
19791209300601|909
26388279067437|896
26388279067437|892
26388279067437|893
26388279067437|894
26388279068245|561
26388279068245|579
26388279068245|564
35184372090317|1002
30786325578905|291
30786325578905|283
4398046512445|887
4398046512445|891
4398046512445|892
4398046512445|893
4398046511549|593
4398046511549|597
4398046511549|599
4398046511549|604
4398046511549|591
4398046512349|723
4398046512349|725
4398046512349|717
4398046512349|718
4398046512269|678
4398046512269|1560
4398046512269|682
4398046512269|667
4398046512269|668
37383395345225|544
37383395345225|549
37383395345225|542
30786325578073|306
30786325578073|307
30786325578073|300
30786325578073|302
8796093022697|720
8796093022697|724
8796093022697|726
8796093022697|717
24189255812205|480
24189255812205|452
24189255812205|457
24189255812205|444
24189255812205|445
13194139534169|788
13194139534169|887
1649|1250
1649|1238
1649|1258
1649|1242
1649|1259
10995116279273|1558
10995116279273|1559
4398046512233|394
30786325579297|545
30786325579297|548
30786325579297|552
15393162790481|963
15393162790481|953
15393162790481|956
15393162790481|958
15393162790481|959
30786325578297|940
30786325578297|941
30786325578297|943
13194139534777|906
8796093023537|1320
8796093023537|1321
24189255812181|7
17592186044477|307
35184372089117|58
19791209300541|1177
19791209300541|1178
19791209300541|1179
15393162790417|789
15393162790417|779
15393162790417|797
26388279067881|1567
32985348833673|888
32985348833673|890
35184372089685|546
35184372089685|549
35184372089685|538
35184372089685|554
13194139533721|553
4398046512273|1557
4398046512273|1560
4398046512273|1561
37383395344721|836
37383395344721|838
37383395344721|843
24189255811993|1297
24189255811993|1298
673|1255
673|1242
673|1245
2199023256317|913
2199023256317|935
2199023256317|920
37383395344865|803
37383395344865|790
37383395344865|807
37383395344865|782
37383395344865|783
37383395345429|145
37383395345429|150
37383395345429|153
37383395345429|143
19791209300953|1348
6597069766709|891
6597069766709|894
4398046511577|1154
4398046511577|1160
4398046511577|1144
4398046511577|1165
32985348833485|912
32985348833485|938
6597069767713|1540
6597069767713|1544
6597069767713|1547
6597069767713|1550
2199023257005|937
2199023257005|938
2199023257005|926
2199023257005|927
32985348834789|809
32985348834789|810
2199023256657|1175
2199023256657|1179
30786325578797|1014
30786325578797|1020
30786325578777|459
30786325578777|460
30786325578777|445
17592186045813|913
17592186045813|914
17592186045813|915
17592186045813|916
17592186045813|920
37383395345633|1568
37383395345633|1567
28587302322921|545
28587302322921|961
28587302322921|549
28587302322921|542
28587302322921|543
8796093023809|1363
8796093023809|1351
8796093023809|1383
8796093023809|1387
30786325578185|1104
30786325578185|1041
30786325578185|1065
30786325578185|1119
8796093022685|665
8796093022685|667
8796093022685|668
325|305
325|307
37383395344545|547
37383395344545|549
37383395344545|540
37383395344545|543
15393162789541|896
15393162789541|889
15393162789541|893
28587302322225|541
13194139534261|1557
13194139534261|1558
13194139534261|1560
13194139534261|1561
17592186045681|705
17592186045681|706
17592186045681|697
17592186045681|715
24189255812253|934
24189255812253|906
17592186045041|834
17592186045041|828
2199023255989|1018
2199023255989|1021
26388279067637|932
26388279067637|935
26388279067773|291
26388279067773|283
26388279067773|285
26388279067773|286
26388279067773|270
37383395345741|438
37383395345741|414
4398046511997|915
4398046511997|935
4398046511997|919
13194139534789|758
6597069766713|675
6597069766713|680
4398046512189|544
4398046512189|553
30786325578961|354
30786325578961|554
32985348834069|812
37383395345761|1563
17592186045625|548
17592186045625|552
17592186045625|543
24189255811577|889
24189255811577|890
24189255811577|894
15393162788957|22
15393162788957|23
15393162788957|28
15393162788957|109
15393162788957|30
37383395344485|448
37383395344485|452
37383395344485|489
37383395344485|444
37383395344485|862
8796093023425|927
6597069766925|583
6597069766925|572
8796093022449|481
8796093022449|465
8796093022449|450
8796093022449|442
26388279067357|861
26388279067357|862
26388279067357|863
13194139534173|400
13194139534173|399
28587302322697|594
28587302322697|606
28587302322697|591
30786325579189|1002
13194139533645|499
13194139533645|502
13194139533645|505
13194139533645|493
2199023256557|1442
2199023256557|1529
2199023256557|1482
28587302323389|641
28587302323389|662
28587302323389|637
28587302323389|654
35184372090069|1001
4398046512621|208
4398046512621|988
4398046512621|205
4398046512621|207
19791209301241|914
32985348833515|577
32985348833515|563
32985348833515|579
32985348833515|555
24189255812671|1459
24189255812671|1494
24189255812671|1450
24189255812671|1515
24189255812671|1518
17592186044479|451
17592186044479|484
17592186044479|474
21990232556159|1176
21990232556159|1180
4398046512139|887
4398046512139|888
4398046512139|894
24189255812167|475
19791209300735|818
19791209300735|819
19791209300735|820
10995116278275|897
10995116278275|888
6597069767115|824
6597069767115|825
6597069767115|826
37383395344751|550
37383395344751|539
37383395344751|541
15393162790351|400
15393162790351|399
8796093023183|1
8796093023183|3
8796093023183|5
8796093022491|244
8796093022491|522
13194139534659|576
13194139534659|588
13194139534659|1117
19791209300319|677
19791209300319|678
19791209300319|682
15393162789687|1569
15393162789687|260
15393162789687|252
15393162789687|253
10995116278995|1093
10995116278995|1064
10995116278995|1033
10995116278995|1035
10995116278995|1036
30786325578671|516
30786325578671|1022
15393162789727|502
15393162789727|491
15393162789727|507
4398046512495|199
4398046512495|200
4398046512495|203
4398046512495|204
24189255811171|915
24189255811171|919
24189255811171|923
24189255811171|908
35184372089367|373
17592186046107|703
15393162789607|892
13194139534507|297
13194139534507|298
37383395345991|570
37383395345991|556
37383395345991|574
21990232557043|770
21990232557043|761
21990232556019|551
37383395345219|547
37383395345219|539
10995116279363|913
10995116279363|914
10995116279363|932
10995116279363|917
347|933
26388279067467|913
26388279067467|933
32985348833375|7
32985348833375|8
32985348833375|9
32985348833375|10
1467|548
1467|550
1467|552
1467|541
1467|543
15393162789887|1118
32985348834959|1080
28587302322395|1153
28587302322395|487
28587302322395|444
24189255811971|1569
24189255811971|1573
24189255811971|1574
13194139533727|950
13194139533727|957
2199023255827|931
2199023255827|935
2199023255827|1257
599|1018
599|1019
6597069767767|887
6597069767767|891
6597069767767|893
6597069767767|894
15393162789111|755
15393162789111|757
15393162789111|751
15393162789111|687
15393162789287|706
15393162789287|696
15393162789287|701
37383395344847|208
37383395344847|205
37383395344847|207
19791209300191|544
19791209300191|545
19791209300191|552
19791209300191|541
35184372090167|467
35184372090167|456
35184372090167|457
15393162789655|208
15393162789655|209
15393162789655|206
32985348833719|721
32985348833719|726
32985348833719|332
32985348833719|716
32985348833719|717
32985348833999|29
15393162789051|560
15393162789051|586
15393162789051|587
37383395344943|546
37383395344943|553
375|1559
375|1560
17592186045707|145
17592186045707|305
17592186045707|177
17592186045707|151
17592186045707|154
37383395344903|546
37383395344903|550
37383395344903|541
13194139534431|933
13194139534431|927
30786325578859|546
30786325578859|549
30786325578859|552
30786325578859|541
37383395344579|549
37383395344579|552
37383395344579|538
10995116279035|1409
10995116279035|1395
10995116279035|1391
17592186045071|548
17592186045071|550
17592186045071|553
17592186045071|540
17592186045627|539
37383395345191|1440
37383395345191|1448
37383395345191|1499
37383395345191|1532
37383395345191|1468
21990232556531|897
21990232556531|889
21990232556531|893
2199023255691|863
37383395345551|1017
21990232556739|498
13194139533919|864
13194139533919|914
30786325578339|979
30786325578339|682
30786325578339|974
21990232556511|919
21990232556511|906
21990232556511|907
28587302322307|673
28587302322307|677
28587302322307|664
28587302322307|681
4398046512371|1376
4398046512371|480
4398046512371|456
4398046512371|458
19791209301495|674
19791209301495|675
19791209301495|679
19791209301495|667
4398046512479|784
4398046512479|785
4398046512479|794
4398046512479|798
19791209299987|593
19791209299987|1572
19791209299987|1573
19791209299987|1574
32985348834507|315
6597069766819|363
6597069766819|364
10995116278271|929
10995116278271|920
10995116278271|926
30786325579199|546
30786325579199|549
30786325579199|550
30786325579199|553
15393162790063|545
15393162790063|547
37383395344787|929
21990232556335|910
37383395345027|921
37383395345027|922
6597069767179|598
6597069767179|601
10995116278803|467
10995116278803|470
10995116278803|454
10995116278803|489
21990232557019|678
21990232557019|664
28587302323691|532
28587302323691|533
28587302323691|534
28587302323691|535
8796093022715|7
8796093022715|8
8796093022715|10
8796093022715|11
1171|936
1171|937
4398046511595|177
4398046511595|145
4398046511595|149
4398046511595|152
4398046511595|156
28587302323659|399
2199023256479|540
2199023256479|541
2199023256479|542
21990232556059|107
21990232556059|108
21990232556059|109
30786325578699|915
30786325578699|937
30786325578699|905
30786325578699|910
13194139534699|1013
13194139534699|1020
1555|727
17592186045211|546
17592186045211|547
17592186045211|552
17592186045211|553
17592186045211|542
15393162789271|965
15393162789271|950
15393162789271|966
15393162789271|951
15393162789271|953
15393162790339|1312
15393162790339|1010
15393162790339|1317
15393162790339|1305
15393162790339|1311
13194139534879|107
13194139534879|108
28587302322603|545
28587302322603|548
15393162789919|913
15393162789919|924
15393162789919|911
21990232556763|549
21990232556763|538
21990232556763|539
8796093022967|545
8796093022967|2
8796093022967|767
8796093023371|1227
8796093023371|543
4398046511255|3
4398046511255|5
4398046511255|6
8796093022915|921
30786325577811|1044
30786325577811|1035
30786325577811|1099
30786325577811|1037
37383395345711|576
37383395345711|584
37383395345711|555
37383395345711|573
28587302322483|758
32985348834955|546
32985348834955|539
32985348834955|541
2199023256599|1459
2199023256599|1483
2199023256599|1503
6597069767047|480
6597069767047|464
6597069767047|451
6597069767047|456
35184372090495|1568
2199023256187|928
2199023256187|911
2199023256303|930
2199023256303|915
2199023256303|935
2199023256303|926
2199023256303|927
2199023256183|266
2199023256183|1245
32985348833455|920
35184372089895|282
4398046511247|499
4398046511247|1047
4398046511247|505
4398046511247|494
2199023255767|826
2199023255767|827
4398046511151|1227
4398046511151|1228
4398046511151|1229
4398046511151|1230
13194139533439|676
24189255812719|772
32985348833559|1557
19791209301431|1136
19791209301431|1137
19791209301431|1109
4398046512651|673
4398046512651|679
24189255811323|809
24189255811323|813
1435|1457
1435|1475
1435|1524
1435|1482
10995116278091|362
10995116278091|348
10995116278091|366
6597069768167|325
6597069768167|315
21990232556387|1226
21990232556387|1227
21990232556387|1229
21990232556387|1230
555|931
555|933
555|729
555|923
555|925
6597069767723|673
6597069767723|680
6597069767723|664
37383395345799|893
35184372090363|722
35184372090363|724
35184372090363|727
35184372090363|718
35184372090363|719
32985348834363|720
32985348834363|723
32985348834363|725
32985348834363|726
32985348834363|718
32985348833491|513
32985348833491|497
32985348833491|501
32985348833491|509
2199023257247|891
2199023257247|894
6597069768067|149
6597069768067|151
6597069768067|153
4398046512103|400
4398046512103|399
24189255811431|146
24189255811431|148
24189255811431|183
28587302322311|544
28587302322311|549
28587302322311|550
28587302322311|553
28587302322311|538
27|970
27|974
13194139534051|896
2199023256835|544
2199023256835|545
2199023256835|538
17592186045195|1348
17592186045195|568
17592186045195|584
17592186045195|574
35184372090231|1494
35184372090231|1481
35184372090231|1500
2199023256083|478
21990232556367|1426
21990232556367|1435
21990232556367|1405
21990232556367|1406
19791209301511|257
19791209301511|260
19791209301511|1295
21990232555527|919
21990232555527|938
21990232555527|908
17592186046075|449
17592186046075|465
17592186046075|468
17592186046075|458
17592186046075|462
24189255811799|990
35184372090415|208
21990232557143|545
21990232557143|550
21990232557143|540
21990232557143|543
13194139534223|546
24189255812623|546
6597069767615|1174
6597069767615|1178
28587302323807|966
28587302323807|967
28587302323807|954
13194139533675|356
13194139533675|348
13194139533675|350
15393162789263|1177
15393162789263|1179
19791209301531|544
19791209301531|546
6597069767351|552
6597069767351|553
6597069767351|540
24189255812511|546
24189255812511|543
859|736
859|544
859|549
859|553
859|106
21990232556251|758
2199023256363|955
2199023256363|956
28587302322879|914
28587302322879|932
28587302322879|935
28587302322879|909
21990232555847|252
4398046511219|936
4398046511219|920
4398046511219|923
4398046511219|927
4398046511219|911
8796093022579|992
8796093022579|546
8796093022579|548
8796093022579|539
2199023256055|1281
2199023256055|342
2199023256055|280
2199023256055|1117
13194139534219|259
6597069766995|8
6597069766995|9
6597069766995|11
37383395344835|953
21990232555711|817
17592186045847|897
17592186045847|887
17592186045847|892
24189255812099|304
24189255812099|981
24189255812099|301
24189255812099|303
15393162788899|888
15393162788899|889
15393162788899|890
15393162788899|891
15393162788899|894
28587302323051|554
783|1297
783|1298
783|1300
783|1301
8796093022283|897
8796093022283|887
8796093022283|888
8796093022283|890
8796093022283|893
17592186044835|466
4398046512359|571
32985348834775|304
32985348834775|307
32985348834775|300
32985348834775|301
28587302323071|919
28587302323071|907
28587302323071|909
37383395344767|961
37383395344767|965
37383395344767|966
13194139534663|1424
13194139534663|1425
13194139534663|1410
13194139534663|1431
13194139534663|1423
10995116278599|967
10995116278599|951
10995116278599|968
10995116277851|547
10995116277851|549
10995116277851|774
10995116277851|552
24189255811875|548
24189255811875|550
24189255811875|551
24189255811875|538
24189255811875|542
30786325579035|532
30786325579035|533
30786325579035|534
30786325579035|535
32985348834871|532
32985348834871|534
35184372090047|977
10995116278727|950
10995116278727|951
10995116278727|904
10995116278727|958
35184372089039|576
35184372089039|586
35184372089039|556
35184372089039|558
21990232555811|544
21990232555811|546
21990232555811|550
19791209301047|896
19791209301047|888
19791209301047|891
19791209301047|892
19791209301047|894
1295|1117
1295|686
28587302323115|948
26388279066795|544
26388279066795|945
26388279066795|552
26388279066795|538
26388279066795|541
21990232556115|297
21990232556115|298
10995116278447|544
10995116278447|545
10995116278447|546
10995116278447|547
10995116278447|553
8796093023895|1108
8796093023895|1081
8796093023895|1100
8796093023895|1087
435|920
435|345
435|937
435|907
24189255811415|924
30786325578867|1224
30786325578867|1196
30786325578867|1213
24189255811783|1557
24189255811783|1560
35184372090503|1557
35184372090503|1560
19791209301603|944
19791209301603|942
13194139533367|296
13194139533367|298
699|1138
699|1139
19791209300223|450
19791209300223|468
28587302323559|927
903|1520
903|1491
903|1519
30786325578851|1557
30786325578851|1559
15393162789407|307
15393162789407|300
15393162789407|301
13194139533343|481
13194139533343|483
13194139533343|457
13194139533343|459
13194139533343|444
24189255811539|784
24189255811539|803
24189255811539|693
24189255811539|805
1443|642
1443|618
35184372089883|593
35184372089883|595
35184372089883|591
26388279067663|547
26388279067663|549
26388279067663|541
26388279067663|542
35184372089511|916
35184372089511|922
21990232556235|546
21990232556235|549
21990232556235|539
32985348833543|544
32985348833543|541
21990232556635|116
21990232556635|110
21990232556635|111
13194139534967|540
13194139534967|541
13194139534967|543
26388279068047|464
26388279068047|482
26388279068047|459
26388279068047|445
26388279068047|477
4398046511591|481
4398046511591|485
4398046511591|476
28587302322227|704
28587302322227|708
28587302322227|696
28587302322227|713
24189255811719|400
24189255811719|1113
24189255811719|399
35184372089075|1345
35184372089075|1339
35184372089075|1326
2199023256287|688
2199023256287|689
4398046512351|913
4398046512351|907
4398046512351|923
4398046512351|926
32985348834355|918
32985348834355|888
32985348834355|922
32985348834355|908
32985348834355|926
8796093023099|1304
28587302323583|1569
28587302323583|1570
28587302323583|1572
28587302323583|1574
19791209300571|675
19791209300571|676
19791209300571|679
4398046511147|544
4398046511147|546
4398046511147|553
4398046511147|540
19791209300651|160
19791209300651|181
19791209300651|170
4398046512447|1488
4398046512447|1460
2199023256383|546
2199023256383|549
2199023256383|539
28587302322947|916
28587302322947|920
28587302322947|921
28587302322947|924
28587302322947|910
37383395344651|569
37383395344651|1118
4398046512163|106
4398046512163|107
4398046512163|108
4398046511851|1297
4398046511851|549
4398046511851|554
4398046511851|541
26388279066771|549
26388279066771|553
26388279066771|538
26388279066771|540
26388279066771|543
4398046511867|1121
4398046511867|402
4398046511867|115
4398046511867|840
4398046511867|764
4398046511407|201
21990232556623|1346
2199023255783|896
2199023255783|897
2199023255783|891
8796093023087|914
8796093023087|918
8796093023087|935
8796093023087|920
4398046512623|540
1403|6
1403|665
1403|826
2199023257003|937
21990232556147|890
21990232556147|1244
21990232556147|716
21990232556147|894
26388279067019|146
26388279067019|181
26388279067019|152
26388279067019|140
26388279067019|175
15393162790235|1488
15393162790235|1443
15393162790235|1512
15393162790235|1514
15393162790235|1470
17592186044455|1056
17592186044455|1136
15393162789811|824
15393162789811|827
17592186045203|268
17592186045203|285
17592186045203|286
15393162790015|1488
15393162790015|1492
15393162790015|1450
15393162790015|1453
35184372089719|864
21990232556823|768
28587302323263|359
28587302323263|366
28587302323263|367
8796093022823|928
8796093022823|769
8796093022823|917
8796093022823|924
8796093022823|909
26388279067991|572
26388279067991|574
6597069767539|930
6597069767539|915
6597069767539|932
6597069767539|909
6597069767539|927
2199023256567|551
2199023256567|552
2199023256567|541
2199023256567|543
32985348833847|1559
32985348833847|1560
32985348833847|1561
10995116279339|966
10995116279339|954
1251|834
28587302323163|864
32985348833955|1562
32985348833955|1563
15393162789587|968
6597069766835|915
6597069766835|933
37383395345811|1176
37383395345811|1177
37383395345811|1178
37383395345811|1179
37383395345811|1180
455|1141
455|1158
455|1160
455|1146
1223|1186
1223|1223
1223|1196
8796093023835|255
13194139534003|551
13194139534003|297
13194139534003|538
13194139534003|541
13194139534003|543
15393162790071|354
15393162790071|348
2199023256791|0
2199023256791|5
2199023256791|6
2199023256791|619
10995116279215|290
10995116279215|280
10995116279215|283
10995116279215|268
107|698
15393162789639|1003
15393162789639|925
17592186045695|579
17592186045695|572
10995116277819|545
10995116278083|1572
10995116278083|758
983|394
983|843
983|828
983|830
8796093023387|481
8796093023387|483
8796093023387|484
8796093023387|452
8796093023387|444
37383395344931|995
37383395344931|996
37383395344931|982
37383395345363|310
8796093023143|1297
8796093023143|1299
32985348834275|913
32985348834275|914
32985348834275|932
32985348834275|922
21990232555631|931
21990232555631|932
21990232555631|906
21990232555631|911
28587302322491|821
10995116279375|673
10995116279375|675
10995116279375|680
10995116279375|666
10995116279375|668
1331|835
1331|838
1331|843
17592186045875|907
17592186045875|924
17592186045875|925
13194139534923|1475
13194139534923|1524
13194139534923|1450
13194139534923|1471
24189255812103|801
24189255812103|782
24189255812103|783
15393162790355|681
21990232556711|458
21990232556711|460
21990232556711|478
21990232556711|463
21990232556711|479
26388279068211|1569
26388279068211|1571
26388279068211|1573
26388279068211|1574
35184372089275|1117
30786325578931|416
30786325578931|418
30786325578931|431
24189255812343|931
24189255812343|938
24189255812343|926
21990232556083|544
21990232556083|547
21990232556083|543
37383395344879|914
37383395344879|910
32985348833483|927
10995116278767|1008
10995116278767|1003
10995116278767|1006
10995116278767|1007
15393162789735|682
30786325577731|1043
30786325577731|999
30786325577731|1033
35184372089415|929
35184372089415|932
35184372089415|907
30786325579123|934
30786325579123|937
30786325579123|905
30786325579123|911
10995116278031|480
10995116278031|485
10995116278031|461
13194139533743|866
6597069767971|810
10995116278235|1037
2199023256031|256
2199023256031|259
2199023256031|253
15393162790123|65
15393162790123|728
30786325579231|389
30786325579231|377
30786325579231|382
15393162788951|258
24189255811175|703
8796093023851|508
8796093023851|511
13194139533931|448
13194139533931|455
13194139533931|456
