:START_ID(Organisation)|:END_ID(Place)
0|59
1|59
2|59
3|59
4|59
5|59
6|59
7|60
8|60
9|60
10|60
11|60
12|2
13|2
14|2
15|2
16|2
17|2
18|2
19|2
20|2
21|61
22|61
23|61
24|61
25|61
26|61
27|61
28|61
29|61
30|61
31|61
32|61
33|61
34|62
35|62
36|62
37|62
38|62
39|62
40|62
41|62
42|62
43|62
44|62
45|62
46|62
47|62
48|62
49|62
50|62
51|62
52|62
53|62
54|62
55|62
56|62
57|62
58|62
59|62
60|62
61|62
62|62
63|62
64|62
65|62
66|62
67|62
68|62
69|62
70|62
71|62
72|62
73|62
74|62
75|62
76|62
77|62
78|62
79|3
80|3
81|3
82|3
83|3
84|3
85|3
86|3
87|3
88|3
89|3
90|3
91|3
92|3
93|3
94|3
95|3
96|3
97|3
98|3
99|3
100|4
101|4
102|4
103|4
104|4
105|4
106|63
107|63
108|63
109|63
110|64
111|64
112|64
113|64
114|64
115|64
116|64
117|64
118|64
119|64
120|64
121|64
122|5
123|5
124|5
125|5
126|5
127|5
128|5
129|6
130|6
131|6
132|6
133|6
134|6
135|49
136|49
137|49
138|49
139|49
140|49
141|49
142|49
143|49
144|49
145|49
146|49
147|49
148|49
149|49
150|49
151|49
152|49
153|49
154|49
155|49
156|49
157|49
158|49
159|49
160|49
161|49
162|49
163|49
164|49
165|49
166|49
167|49
168|49
169|49
170|49
171|49
172|49
173|49
174|49
175|49
176|49
177|49
178|49
179|49
180|49
181|49
182|49
183|49
184|49
185|49
186|7
187|7
188|7
189|7
190|7
191|7
192|7
193|7
194|7
195|67
196|67
197|67
198|67
199|67
200|67
201|67
202|67
203|67
204|67
205|68
206|68
207|68
208|68
209|68
210|66
211|66
212|66
213|66
214|66
215|66
216|66
217|66
218|66
219|66
220|66
221|66
222|66
223|66
224|66
225|66
226|66
227|66
228|66
229|66
230|66
231|66
232|66
233|66
234|66
235|66
236|66
237|66
238|66
239|66
240|66
241|66
242|66
243|66
244|66
245|66
246|66
247|66
248|66
249|8
250|8
251|8
252|69
253|69
254|69
255|69
256|69
257|69
258|69
259|69
260|69
261|70
262|70
263|70
264|70
265|70
266|70
267|70
268|70
269|70
270|70
271|70
272|70
273|70
274|70
275|70
276|70
277|70
278|70
279|70
280|70
281|70
282|70
283|70
284|70
285|70
286|70
287|70
288|70
289|70
290|70
291|70
292|9
293|9
294|9
295|9
296|71
297|71
298|71
299|72
300|72
301|72
302|72
303|72
304|72
305|72
306|72
307|72
308|73
309|73
310|73
311|73
312|73
313|73
314|73
315|73
316|73
317|73
318|73
319|73
320|73
321|73
322|73
323|73
324|73
325|73
326|73
327|73
328|73
329|73
330|73
331|73
332|10
333|10
334|10
335|10
336|10
337|10
338|10
339|10
340|10
341|10
342|10
343|10
344|10
345|11
346|11
347|74
348|74
349|74
350|74
351|74
352|74
353|74
354|74
355|74
356|74
357|74
358|74
359|74
360|74
361|74
362|74
363|74
364|74
365|74
366|74
367|74
368|74
369|74
370|75
371|75
372|75
373|75
374|75
375|75
376|75
377|75
378|75
379|75
380|75
381|75
382|75
383|75
384|75
385|75
386|75
387|75
388|75
389|75
390|75
391|75
392|75
393|75
394|13
395|13
396|13
397|13
398|13
399|76
400|76
401|14
402|14
403|14
404|14
405|14
406|14
407|14
408|14
409|14
410|14
411|77
412|77
413|77
414|77
415|77
416|77
417|77
418|77
419|77
420|77
421|77
422|77
423|77
424|77
425|77
426|77
427|77
428|77
429|77
430|77
431|77
432|77
433|77
434|77
435|77
436|77
437|77
438|77
439|77
440|77
441|77
442|50
443|50
444|50
445|50
446|50
447|50
448|50
449|50
450|50
451|50
452|50
453|50
454|50
455|50
456|50
457|50
458|50
459|50
460|50
461|50
462|50
463|50
464|50
465|50
466|50
467|50
468|50
469|50
470|50
471|50
472|50
473|50
474|50
475|50
476|50
477|50
478|50
479|50
480|50
481|50
482|50
483|50
484|50
485|50
486|50
487|50
488|50
489|50
490|78
491|78
492|78
493|78
494|78
495|78
496|78
497|78
498|78
499|78
500|78
501|78
502|78
503|78
504|78
505|78
506|78
507|78
508|78
509|78
510|78
511|78
512|78
513|78
514|78
515|78
516|78
517|78
518|15
519|15
520|15
521|15
522|15
523|16
524|16
525|16
526|16
527|16
528|16
529|16
530|16
531|16
532|79
533|79
534|79
535|79
536|79
537|79
538|0
539|0
540|0
541|0
542|0
543|0
544|0
545|0
546|0
547|0
548|0
549|0
550|0
551|0
552|0
553|0
554|0
555|51
556|51
557|51
558|51
559|51
560|51
561|51
562|51
563|51
564|51
565|51
566|51
567|51
568|51
569|51
570|51
571|51
572|51
573|51
574|51
575|51
576|51
577|51
578|51
579|51
580|51
581|51
582|51
583|51
584|51
585|51
586|51
587|51
588|51
589|80
590|80
591|80
592|80
593|80
594|80
595|80
596|80
597|80
598|80
599|80
600|80
601|80
602|80
603|80
604|80
605|80
606|80
607|17
608|17
609|17
610|17
611|17
612|17
613|17
614|17
615|17
616|17
617|81
618|81
619|81
620|81
621|81
622|81
623|81
624|81
625|81
626|81
627|81
628|81
629|81
630|81
631|81
632|81
633|81
634|81
635|81
636|81
637|81
638|81
639|81
640|81
641|81
642|81
643|81
644|81
645|81
646|81
647|81
648|81
649|81
650|81
651|81
652|81
653|81
654|81
655|81
656|81
657|81
658|81
659|81
660|81
661|81
662|81
663|81
664|52
665|52
666|52
667|52
668|52
669|52
670|52
671|52
672|52
673|52
674|52
675|52
676|52
677|52
678|52
679|52
680|52
681|52
682|52
683|18
684|18
685|18
686|18
687|18
688|18
689|18
690|18
691|18
692|18
693|18
694|18
695|18
696|82
697|82
698|82
699|82
700|82
701|82
702|82
703|82
704|82
705|82
706|82
707|82
708|82
709|82
710|82
711|82
712|82
713|82
714|82
715|82
716|83
717|83
718|83
719|83
720|83
721|83
722|83
723|83
724|83
725|83
726|83
727|83
728|19
729|19
730|20
731|20
732|20
733|20
734|20
735|21
736|21
737|22
738|22
739|22
740|22
741|22
742|22
743|22
744|22
745|22
746|22
747|22
748|22
749|23
750|23
751|23
752|23
753|23
754|23
755|23
756|23
757|23
758|84
759|85
760|85
761|85
762|85
763|85
764|85
765|85
766|85
767|85
768|85
769|85
770|85
771|24
772|24
773|24
774|24
775|25
776|25
777|26
778|53
779|53
780|53
781|53
782|53
783|53
784|53
785|53
786|53
787|53
788|53
789|53
790|53
791|53
792|53
793|53
794|53
795|53
796|53
797|53
798|53
799|53
800|53
801|53
802|53
803|53
804|53
805|53
806|53
807|53
808|53
809|86
810|86
811|86
812|86
813|86
814|27
815|27
816|27
817|27
818|87
819|87
820|87
821|87
822|87
823|87
824|88
825|88
826|88
827|88
828|89
829|89
830|89
831|89
832|89
833|89
834|89
835|89
836|89
837|89
838|89
839|89
840|89
841|89
842|89
843|89
844|29
845|29
846|29
847|29
848|29
849|29
850|29
851|29
852|29
853|29
854|29
855|29
856|29
857|29
858|29
859|29
860|29
861|30
862|30
863|30
864|90
865|90
866|90
867|32
868|32
869|32
870|32
871|32
872|32
873|32
874|32
875|32
876|32
877|32
878|32
879|32
880|32
881|32
882|32
883|32
884|32
885|32
886|32
887|54
888|54
889|54
890|54
891|54
892|54
893|54
894|54
895|54
896|54
897|54
898|34
899|34
900|34
901|34
902|34
903|35
904|35
905|1
906|1
907|1
908|1
909|1
910|1
911|1
912|1
913|1
914|1
915|1
916|1
917|1
918|1
919|1
920|1
921|1
922|1
923|1
924|1
925|1
926|1
927|1
928|1
929|1
930|1
931|1
932|1
933|1
934|1
935|1
936|1
937|1
938|1
939|91
940|91
941|91
942|91
943|91
944|91
945|91
946|91
947|91
948|91
949|55
950|55
951|55
952|55
953|55
954|55
955|55
956|55
957|55
958|55
959|55
960|55
961|55
962|55
963|55
964|55
965|55
966|55
967|55
968|55
969|92
970|92
971|92
972|92
973|92
974|92
975|92
976|92
977|92
978|92
979|92
980|92
981|92
982|93
983|93
984|93
985|93
986|93
987|93
988|93
989|93
990|93
991|93
992|93
993|93
994|93
995|93
996|93
997|93
998|36
999|36
1000|36
1001|94
1002|94
1003|37
1004|37
1005|37
1006|37
1007|37
1008|37
1009|38
1010|38
1011|38
1012|38
1013|95
1014|95
1015|95
1016|95
1017|95
1018|95
1019|95
1020|95
1021|95
1022|95
1023|56
1024|56
1025|56
1026|56
1027|56
1028|56
1029|56
1030|56
1031|56
1032|56
1033|56
1034|56
1035|56
1036|56
1037|56
1038|56
1039|56
1040|56
1041|56
1042|56
1043|56
1044|56
1045|56
1046|56
1047|56
1048|56
1049|56
1050|56
1051|56
1052|56
1053|56
1054|56
1055|56
1056|56
1057|56
1058|56
1059|56
1060|56
1061|56
1062|56
1063|56
1064|56
1065|56
1066|56
1067|56
1068|56
1069|56
1070|56
1071|56
1072|56
1073|56
1074|56
1075|56
1076|56
1077|56
1078|56
1079|56
1080|56
1081|56
1082|56
1083|56
1084|56
1085|56
1086|56
1087|56
1088|56
1089|56
1090|56
1091|56
1092|56
1093|56
1094|56
1095|56
1096|56
1097|56
1098|56
1099|56
1100|56
1101|56
1102|56
1103|56
1104|56
1105|56
1106|56
1107|56
1108|56
1109|39
1110|39
1111|40
1112|40
1113|40
1114|40
1115|40
1116|40
1117|96
1118|96
1119|41
1120|41
1121|41
1122|41
1123|41
1124|41
1125|41
1126|41
1127|42
1128|42
1129|42
1130|42
1131|42
1132|42
1133|42
1134|42
1135|42
1136|43
1137|43
1138|43
1139|43
1140|97
1141|97
1142|97
1143|97
1144|97
1145|97
1146|97
1147|97
1148|97
1149|97
1150|97
1151|97
1152|97
1153|97
1154|97
1155|97
1156|97
1157|97
1158|97
1159|97
1160|97
1161|97
1162|97
1163|97
1164|97
1165|97
1166|97
1167|97
1168|97
1169|97
1170|97
1171|97
1172|97
1173|97
1174|98
1175|98
1176|98
1177|98
1178|98
1179|98
1180|98
1181|99
1182|99
1183|99
1184|99
1185|99
1186|99
1187|99
1188|99
1189|99
1190|99
1191|99
1192|99
1193|99
1194|99
1195|99
1196|99
1197|99
1198|99
1199|99
1200|99
1201|99
1202|99
1203|99
1204|99
1205|99
1206|99
1207|99
1208|99
1209|99
1210|99
1211|99
1212|99
1213|99
1214|99
1215|99
1216|99
1217|99
1218|99
1219|99
1220|99
1221|99
1222|99
1223|99
1224|99
1225|99
1226|100
1227|100
1228|100
1229|100
1230|100
1231|44
1232|44
1233|44
1234|44
1235|101
1236|101
1237|101
1238|101
1239|101
1240|101
1241|101
1242|101
1243|101
1244|101
1245|101
1246|101
1247|101
1248|101
1249|101
1250|101
1251|101
1252|101
1253|101
1254|101
1255|101
1256|101
1257|101
1258|101
1259|101
1260|101
1261|101
1262|101
1263|101
1264|101
1265|101
1266|101
1267|101
1268|101
1269|101
1270|101
1271|101
1272|101
1273|45
1274|45
1275|45
1276|45
1277|45
1278|45
1279|45
1280|45
1281|45
1282|45
1283|45
1284|45
1285|45
1286|45
1287|45
1288|45
1289|45
1290|45
1291|45
1292|46
1293|46
1294|46
1295|46
1296|102
1297|102
1298|102
1299|102
1300|102
1301|102
1302|102
1303|103
1304|103
1305|103
1306|103
1307|103
1308|103
1309|103
1310|103
1311|103
1312|103
1313|103
1314|103
1315|103
1316|103
1317|103
1318|103
1319|103
1320|104
1321|104
1322|104
1323|104
1324|104
1325|104
1326|105
1327|105
1328|105
1329|105
1330|105
1331|105
1332|105
1333|105
1334|105
1335|105
1336|105
1337|105
1338|105
1339|105
1340|105
1341|105
1342|105
1343|105
1344|105
1345|105
1346|105
1347|105
1348|105
1349|105
1350|105
1351|106
1352|106
1353|106
1354|106
1355|106
1356|106
1357|106
1358|106
1359|106
1360|106
1361|106
1362|106
1363|106
1364|106
1365|106
1366|106
1367|106
1368|106
1369|106
1370|106
1371|106
1372|106
1373|106
1374|106
1375|106
1376|106
1377|106
1378|106
1379|106
1380|106
1381|106
1382|106
1383|106
1384|106
1385|106
1386|106
1387|106
1388|106
1389|107
1390|107
1391|107
1392|107
1393|107
1394|107
1395|107
1396|107
1397|107
1398|107
1399|107
1400|107
1401|107
1402|107
1403|107
1404|107
1405|107
1406|107
1407|107
1408|107
1409|107
1410|107
1411|107
1412|107
1413|107
1414|107
1415|107
1416|107
1417|107
1418|107
1419|107
1420|107
1421|107
1422|107
1423|107
1424|107
1425|107
1426|107
1427|107
1428|107
1429|107
1430|107
1431|107
1432|107
1433|107
1434|107
1435|107
1436|107
1437|107
1438|107
1439|107
1440|57
1441|57
1442|57
1443|57
1444|57
1445|57
1446|57
1447|57
1448|57
1449|57
1450|57
1451|57
1452|57
1453|57
1454|57
1455|57
1456|57
1457|57
1458|57
1459|57
1460|57
1461|57
1462|57
1463|57
1464|57
1465|57
1466|57
1467|57
1468|57
1469|57
1470|57
1471|57
1472|57
1473|57
1474|57
1475|57
1476|57
1477|57
1478|57
1479|57
1480|57
1481|57
1482|57
1483|57
1484|57
1485|57
1486|57
1487|57
1488|57
1489|57
1490|57
1491|57
1492|57
1493|57
1494|57
1495|57
1496|57
1497|57
1498|57
1499|57
1500|57
1501|57
1502|57
1503|57
1504|57
1505|57
1506|57
1507|57
1508|57
1509|57
1510|57
1511|57
1512|57
1513|57
1514|57
1515|57
1516|57
1517|57
1518|57
1519|57
1520|57
1521|57
1522|57
1523|57
1524|57
1525|57
1526|57
1527|57
1528|57
1529|57
1530|57
1531|57
1532|57
1533|57
1534|57
1535|47
1536|47
1537|47
1538|47
1539|108
1540|108
1541|108
1542|108
1543|108
1544|108
1545|108
1546|108
1547|108
1548|108
1549|108
1550|108
1551|108
1552|108
1553|108
1554|108
1555|108
1556|108
1557|58
1558|58
1559|58
1560|58
1561|58
1562|48
1563|48
1564|48
1565|48
1566|48
1567|109
1568|109
1569|110
1570|110
1571|110
1572|110
1573|110
1574|110
1575|957
1576|951
1577|954
1578|952
1579|772
1580|956
1581|953
1582|955
1583|955
1584|959
1585|955
1586|958
1587|955
1588|953
1589|955
1590|955
1591|955
1592|955
1593|955
1594|959
1595|965
1596|960
1597|963
1598|960
1599|961
1600|960
1601|969
1602|967
1603|508
1604|974
1605|972
1606|973
1607|978
1608|977
1609|979
1610|972
1611|972
1612|979
1613|971
1614|971
1615|972
1616|972
1617|972
1618|972
1619|827
1620|975
1621|976
1622|976
1623|975
1624|971
1625|972
1626|972
1627|972
1628|972
1629|972
1630|972
1631|970
1632|970
1633|970
1634|978
1635|984
1636|984
1637|985
1638|985
1639|986
1640|987
1641|982
1642|983
1643|983
1644|981
1645|981
1646|981
1647|981
1648|981
1649|987
1650|987
1651|987
1652|987
1653|987
1654|987
1655|982
1656|982
1657|983
1658|983
1659|980
1660|981
1661|981
1662|981
1663|981
1664|981
1665|981
1666|981
1667|986
1668|986
1669|986
1670|986
1671|986
1672|986
1673|986
1674|986
1675|986
1676|989
1677|984
1678|989
1679|989
1680|986
1681|986
1682|986
1683|986
1684|986
1685|986
1686|981
1687|987
1688|987
1689|987
1690|987
1691|987
1692|987
1693|987
1694|987
1695|987
1696|982
1697|982
1698|982
1699|983
1700|983
1701|983
1702|980
1703|980
1704|981
1705|981
1706|981
1707|981
1708|981
1709|981
1710|981
1711|981
1712|981
1713|981
1714|981
1715|984
1716|984
1717|984
1718|984
1719|984
1720|988
1721|988
1722|981
1723|983
1724|984
1725|984
1726|984
1727|984
1728|984
1729|985
1730|988
1731|981
1732|984
1733|983
1734|983
1735|989
1736|986
1737|986
1738|986
1739|986
1740|986
1741|981
1742|987
1743|987
1744|987
1745|987
1746|987
1747|982
1748|982
1749|982
1750|983
1751|981
1752|981
1753|981
1754|981
1755|981
1756|984
1757|984
1758|984
1759|984
1760|984
1761|985
1762|985
1763|985
1764|1002
1765|509
1766|509
1767|509
1768|509
1769|509
1770|509
1771|509
1772|509
1773|509
1774|509
1775|509
1776|509
1777|509
1778|509
1779|509
1780|510
1781|510
1782|510
1783|510
1784|510
1785|510
1786|510
1787|510
1788|510
1789|510
1790|510
1791|510
1792|510
1793|510
1794|510
1795|510
1796|510
1797|510
1798|510
1799|510
1800|996
1801|990
1802|996
1803|996
1804|998
1805|993
1806|996
1807|1009
1808|1009
1809|1009
1810|1009
1811|1001
1812|1000
1813|1003
1814|1005
1815|1007
1816|1008
1817|1009
1818|1009
1819|1009
1820|1002
1821|1001
1822|1006
1823|1004
1824|1008
1825|1295
1826|1004
1827|1294
1828|1288
1829|1009
1830|1009
1831|1001
1832|1001
1833|1009
1834|1009
1835|1009
1836|1004
1837|511
1838|1433
1839|512
1840|512
1841|512
1842|512
1843|512
1844|512
1845|512
1846|512
1847|512
1848|512
1849|592
1850|592
1851|559
1852|583
1853|571
1854|571
1855|584
1856|559
1857|559
1858|559
1859|559
1860|564
1861|591
1862|586
1863|557
1864|581
1865|560
1866|582
1867|578
1868|559
1869|575
1870|556
1871|558
1872|568
1873|588
1874|585
1875|574
1876|567
1877|563
1878|570
1879|590
1880|563
1881|587
1882|576
1883|555
1884|573
1885|588
1886|580
1887|577
1888|566
1889|594
1890|582
1891|582
1892|582
1893|561
1894|569
1895|559
1896|583
1897|583
1898|579
1899|584
1900|579
1901|559
1902|559
1903|591
1904|586
1905|586
1906|586
1907|582
1908|582
1909|573
1910|588
1911|566
1912|559
1913|572
1914|562
1915|586
1916|565
1917|584
1918|584
1919|584
1920|559
1921|566
1922|593
1923|582
1924|578
1925|578
1926|578
1927|582
1928|582
1929|582
1930|593
1931|565
1932|582
1933|582
1934|562
1935|572
1936|564
1937|588
1938|589
1939|589
1940|582
1941|582
1942|845
1943|868
1944|513
1945|513
1946|513
1947|513
1948|513
1949|848
1950|513
1951|513
1952|513
1953|1019
1954|1016
1955|1016
1956|1014
1957|1017
1958|1018
1959|1011
1960|1010
1961|1012
1962|1018
1963|1016
1964|1016
1965|1013
1966|1015
1967|1014
1968|1016
1969|1037
1970|1037
1971|1037
1972|1037
1973|1037
1974|1037
1975|1037
1976|1037
1977|1037
1978|1037
1979|1036
1980|1045
1981|1043
1982|1027
1983|1025
1984|1025
1985|1025
1986|1023
1987|1023
1988|1026
1989|1029
1990|1029
1991|1029
1992|1029
1993|1020
1994|1020
1995|1020
1996|1026
1997|1024
1998|1024
1999|1024
2000|1024
2001|1024
2002|1024
2003|1023
2004|1020
2005|1020
2006|1028
2007|1027
2008|1028
2009|1028
2010|1028
2011|981
2012|1028
2013|1028
2014|1028
2015|1028
2016|1028
2017|1028
2018|1028
2019|1022
2020|1022
2021|1022
2022|1022
2023|1020
2024|1029
2025|1029
2026|1029
2027|1029
2028|1029
2029|1029
2030|1029
2031|1029
2032|1029
2033|1029
2034|1029
2035|1029
2036|1029
2037|1020
2038|1020
2039|1020
2040|1020
2041|1020
2042|1020
2043|1020
2044|1020
2045|1020
2046|1020
2047|1020
2048|1020
2049|1020
2050|1020
2051|1026
2052|1024
2053|1024
2054|1023
2055|1027
2056|1027
2057|1027
2058|1025
2059|1025
2060|1025
2061|1025
2062|1023
2063|1023
2064|1023
2065|1026
2066|1026
2067|1021
2068|880
2069|1029
2070|1022
2071|1022
2072|1022
2073|1022
2074|1021
2075|1021
2076|1029
2077|1022
2078|1021
2079|1021
2080|1029
2081|1029
2082|1029
2083|1029
2084|1029
2085|1029
2086|1029
2087|1029
2088|1020
2089|1020
2090|1020
2091|1020
2092|1020
2093|1020
2094|1020
2095|1020
2096|1020
2097|1020
2098|1020
2099|1020
2100|364
2101|1026
2102|1026
2103|1024
2104|1023
2105|1020
2106|1020
2107|1028
2108|1028
2109|1028
2110|1028
2111|1021
2112|1027
2113|1027
2114|1027
2115|1027
2116|1025
2117|1025
2118|1025
2119|1025
2120|1023
2121|1023
2122|1023
2123|1026
2124|1363
2125|1029
2126|1029
2127|1029
2128|1029
2129|1020
2130|1020
2131|1020
2132|1020
2133|1020
2134|1020
2135|1020
2136|1020
2137|1020
2138|1026
2139|1024
2140|1024
2141|1020
2142|1020
2143|1020
2144|1028
2145|1028
2146|1028
2147|1028
2148|1028
2149|1028
2150|1028
2151|1027
2152|1027
2153|1025
2154|1025
2155|1025
2156|1023
2157|1023
2158|1026
2159|1026
2160|1026
2161|1026
2162|1026
2163|1022
2164|1022
2165|1022
2166|1022
2167|1022
2168|1021
2169|1021
2170|1021
2171|1259
2172|1051
2173|1053
2174|1050
2175|1050
2176|1059
2177|1059
2178|1051
2179|1051
2180|1051
2181|1051
2182|1051
2183|1057
2184|1059
2185|1059
2186|1058
2187|1055
2188|1051
2189|1051
2190|1051
2191|1051
2192|1054
2193|1056
2194|1056
2195|1051
2196|1051
2197|1051
2198|1054
2199|1059
2200|1059
2201|1055
2202|1051
2203|1052
2204|1052
2205|479
2206|479
2207|351
2208|351
2209|351
2210|386
2211|386
2212|386
2213|469
2214|325
2215|325
2216|459
2217|375
2218|446
2219|446
2220|446
2221|446
2222|446
2223|495
2224|383
2225|449
2226|485
2227|351
2228|479
2229|479
2230|364
2231|428
2232|386
2233|378
2234|474
2235|396
2236|459
2237|502
2238|459
2239|459
2240|459
2241|498
2242|498
2243|472
2244|472
2245|472
2246|472
2247|446
2248|398
2249|398
2250|336
2251|450
2252|363
2253|486
2254|433
2255|371
2256|441
2257|344
2258|489
2259|363
2260|478
2261|446
2262|479
2263|479
2264|479
2265|351
2266|386
2267|485
2268|331
2269|325
2270|479
2271|459
2272|459
2273|459
2274|498
2275|426
2276|426
2277|470
2278|459
2279|459
2280|498
2281|472
2282|472
2283|376
2284|492
2285|492
2286|420
2287|498
2288|479
2289|318
2290|389
2291|418
2292|351
2293|485
2294|385
2295|459
2296|398
2297|398
2298|452
2299|336
2300|343
2301|472
2302|472
2303|375
2304|446
2305|446
2306|446
2307|446
2308|446
2309|446
2310|446
2311|446
2312|458
2313|458
2314|321
2315|449
2316|447
2317|358
2318|390
2319|467
2320|454
2321|349
2322|507
2323|499
2324|446
2325|446
2326|446
2327|446
2328|446
2329|446
2330|446
2331|458
2332|458
2333|458
2334|321
2335|321
2336|387
2337|387
2338|387
2339|384
2340|351
2341|310
2342|310
2343|317
2344|419
2345|494
2346|459
2347|459
2348|459
2349|459
2350|478
2351|498
2352|472
2353|376
2354|376
2355|490
2356|498
2357|498
2358|345
2359|398
2360|441
2361|450
2362|440
2363|497
2364|344
2365|344
2366|344
2367|423
2368|446
2369|446
2370|446
2371|458
2372|458
2373|458
2374|321
2375|411
2376|348
2377|387
2378|442
2379|433
2380|1060
2381|1060
2382|1060
2383|1060
2384|1060
2385|1060
2386|1061
2387|1064
2388|1067
2389|1067
2390|1065
2391|1060
2392|1060
2393|1060
2394|1060
2395|1060
2396|1060
2397|1060
2398|1060
2399|1060
2400|1069
2401|1069
2402|1062
2403|1063
2404|1068
2405|1068
2406|1066
2407|1060
2408|1060
2409|1060
2410|1060
2411|1069
2412|1065
2413|1060
2414|1060
2415|1060
2416|1069
2417|1061
2418|1066
2419|1064
2420|1063
2421|1062
2422|515
2423|515
2424|515
2425|515
2426|515
2427|515
2428|515
2429|515
2430|515
2431|515
2432|1079
2433|1074
2434|1076
2435|1074
2436|1073
2437|1078
2438|1077
2439|1071
2440|1075
2441|1072
2442|1070
2443|1070
2444|1070
2445|1070
2446|1070
2447|1084
2448|1087
2449|1087
2450|1087
2451|1089
2452|1080
2453|1086
2454|1082
2455|1082
2456|1082
2457|1082
2458|1082
2459|1082
2460|1082
2461|1082
2462|1080
2463|1081
2464|1087
2465|1080
2466|1085
2467|1082
2468|1082
2469|1082
2470|1083
2471|1088
2472|1086
2473|1082
2474|1082
2475|1082
2476|1082
2477|1082
2478|1082
2479|1087
2480|1087
2481|1089
2482|1088
2483|1090
2484|1098
2485|1090
2486|1090
2487|1096
2488|1099
2489|1093
2490|1095
2491|516
2492|516
2493|516
2494|516
2495|516
2496|516
2497|516
2498|516
2499|516
2500|516
2501|516
2502|516
2503|516
2504|516
2505|516
2506|516
2507|516
2508|1363
2509|516
2510|516
2511|516
2512|516
2513|517
2514|517
2515|517
2516|517
2517|517
2518|517
2519|1100
2520|1107
2521|1105
2522|1106
2523|1102
2524|1102
2525|1109
2526|1101
2527|1108
2528|1102
2529|1102
2530|1102
2531|1103
2532|1106
2533|1102
2534|1101
2535|1106
2536|1100
2537|1100
2538|1104
2539|1104
2540|1105
2541|772
2542|1102
2543|1102
2544|1102
2545|1102
2546|1102
2547|1100
2548|1102
2549|1102
2550|1102
2551|1102
2552|518
2553|518
2554|1115
2555|1115
2556|1115
2557|1024
2558|1024
2559|1024
2560|1024
2561|1024
2562|1024
2563|1024
2564|1024
2565|1114
2566|1110
2567|1117
2568|1112
2569|1112
2570|1112
2571|1111
2572|1114
2573|1118
2574|1113
2575|1024
2576|1118
2577|1118
2578|1118
2579|1118
2580|1113
2581|1422
2582|1117
2583|1118
2584|1118
2585|1116
2586|1116
2587|1110
2588|1117
2589|1111
2590|1422
2591|902
2592|1118
2593|1118
2594|1113
2595|1113
2596|1115
2597|1115
2598|1115
2599|1115
2600|1116
2601|1024
2602|1024
2603|1024
2604|1114
2605|1115
2606|1115
2607|1115
2608|1115
2609|1024
2610|1024
2611|1024
2612|1024
2613|1024
2614|1024
2615|1024
2616|1114
2617|1110
2618|1112
2619|1118
2620|1111
2621|1423
2622|1423
2623|1113
2624|1115
2625|1115
2626|1115
2627|1115
2628|1115
2629|1115
2630|1115
2631|1116
2632|1116
2633|1024
2634|1114
2635|519
2636|519
2637|519
2638|519
2639|519
2640|519
2641|519
2642|519
2643|519
2644|1125
2645|1125
2646|1125
2647|1125
2648|1125
2649|1121
2650|1125
2651|1125
2652|1125
2653|1125
2654|1124
2655|1125
2656|1125
2657|1125
2658|1123
2659|1123
2660|1121
2661|1122
2662|1126
2663|1127
2664|1128
2665|1120
2666|1119
2667|1125
2668|1125
2669|1125
2670|1125
2671|1125
2672|1121
2673|1122
2674|520
2675|520
2676|520
2677|1363
2678|520
2679|520
2680|520
2681|520
2682|520
2683|1363
2684|1363
2685|520
2686|520
2687|520
2688|520
2689|520
2690|1130
2691|1130
2692|1130
2693|1130
2694|1130
2695|1130
2696|1134
2697|1134
2698|1133
2699|1132
2700|1132
2701|1132
2702|1137
2703|1137
2704|1130
2705|1130
2706|1130
2707|1130
2708|1134
2709|997
2710|1131
2711|1131
2712|1136
2713|1002
2714|1002
2715|1002
2716|1002
2717|1002
2718|1002
2719|1002
2720|1002
2721|133
2722|1136
2723|1135
2724|1135
2725|1129
2726|1129
2727|1129
2728|1129
2729|1129
2730|1129
2731|1135
2732|997
2733|1003
2734|1129
2735|1129
2736|1007
2737|1130
2738|1134
2739|1002
2740|1131
2741|1009
2742|1136
2743|1136
2744|1136
2745|1002
2746|1002
2747|1002
2748|1002
2749|1002
2750|1002
2751|1002
2752|1002
2753|1002
2754|1002
2755|1002
2756|1002
2757|1130
2758|1130
2759|1130
2760|1176
2761|1134
2762|1135
2763|997
2764|997
2765|1002
2766|1002
2767|1002
2768|1002
2769|1002
2770|1002
2771|1002
2772|1002
2773|1002
2774|1002
2775|1002
2776|1002
2777|1002
2778|1002
2779|1133
2780|1006
2781|1132
2782|1132
2783|1132
2784|1137
2785|1132
2786|1137
2787|1133
2788|1132
2789|1132
2790|1132
2791|609
2792|1137
2793|1131
2794|1131
2795|1136
2796|1136
2797|1136
2798|1136
2799|1002
2800|1002
2801|1002
2802|1002
2803|1002
2804|1002
2805|1002
2806|1002
2807|1002
2808|1002
2809|1002
2810|1133
2811|1135
2812|1135
2813|1135
2814|1129
2815|1129
2816|1129
2817|1129
2818|1133
2819|1132
2820|1132
2821|1132
2822|1137
2823|1137
2824|1137
2825|1002
2826|1002
2827|620
2828|602
2829|626
2830|610
2831|606
2832|629
2833|623
2834|618
2835|618
2836|628
2837|627
2838|603
2839|604
2840|622
2841|622
2842|622
2843|622
2844|631
2845|597
2846|601
2847|596
2848|595
2849|600
2850|613
2851|615
2852|615
2853|616
2854|619
2855|599
2856|608
2857|608
2858|608
2859|608
2860|608
2861|608
2862|611
2863|607
2864|605
2865|624
2866|622
2867|614
2868|615
2869|615
2870|615
2871|622
2872|1002
2873|608
2874|634
2875|633
2876|628
2877|628
2878|628
2879|1176
2880|628
2881|628
2882|628
2883|627
2884|622
2885|631
2886|614
2887|615
2888|616
2889|616
2890|632
2891|608
2892|608
2893|633
2894|611
2895|624
2896|612
2897|605
2898|620
2899|617
2900|625
2901|609
2902|609
2903|617
2904|617
2905|602
2906|625
2907|609
2908|609
2909|609
2910|609
2911|598
2912|623
2913|628
2914|628
2915|628
2916|627
2917|609
2918|622
2919|597
2920|615
2921|615
2922|615
2923|615
2924|632
2925|608
2926|634
2927|630
2928|630
2929|624
2930|612
2931|612
2932|621
2933|621
2934|620
2935|609
2936|609
2937|609
2938|609
2939|598
2940|1142
2941|1142
2942|1142
2943|1142
2944|1144
2945|1147
2946|1146
2947|1146
2948|1139
2949|1143
2950|1147
2951|1145
2952|1142
2953|1142
2954|1144
2955|1141
2956|1140
2957|1138
2958|1142
2959|1142
2960|1142
2961|1142
2962|1138
2963|1145
2964|1143
2965|1140
2966|1138
2967|1138
2968|1140
2969|1141
2970|1142
2971|1142
2972|1142
2973|1142
2974|1139
2975|1138
2976|1138
2977|521
2978|521
2979|522
2980|522
2981|364
2982|1155
2983|1153
2984|1156
2985|1149
2986|1149
2987|1149
2988|1149
2989|1149
2990|1149
2991|1149
2992|1155
2993|1152
2994|1148
2995|1155
2996|1149
2997|1154
2998|1151
2999|1150
3000|1149
3001|1149
3002|1149
3003|1157
3004|1149
3005|1149
3006|176
3007|176
3008|176
3009|176
3010|176
3011|176
3012|176
3013|176
3014|176
3015|176
3016|176
3017|176
3018|176
3019|176
3020|177
3021|279
3022|279
3023|231
3024|231
3025|216
3026|129
3027|129
3028|239
3029|249
3030|277
3031|164
3032|164
3033|164
3034|164
3035|164
3036|164
3037|164
3038|164
3039|164
3040|164
3041|164
3042|164
3043|164
3044|164
3045|164
3046|164
3047|164
3048|164
3049|164
3050|164
3051|164
3052|164
3053|164
3054|124
3055|124
3056|124
3057|124
3058|124
3059|124
3060|124
3061|124
3062|124
3063|124
3064|124
3065|124
3066|124
3067|124
3068|124
3069|124
3070|124
3071|124
3072|124
3073|124
3074|124
3075|124
3076|124
3077|124
3078|124
3079|124
3080|124
3081|124
3082|124
3083|124
3084|168
3085|296
3086|207
3087|178
3088|178
3089|178
3090|178
3091|178
3092|178
3093|244
3094|242
3095|301
3096|301
3097|123
3098|286
3099|299
3100|115
3101|303
3102|295
3103|219
3104|133
3105|133
3106|133
3107|133
3108|133
3109|133
3110|133
3111|133
3112|133
3113|133
3114|133
3115|114
3116|150
3117|150
3118|150
3119|125
3120|278
3121|278
3122|188
3123|188
3124|172
3125|165
3126|275
3127|285
3128|285
3129|285
3130|285
3131|285
3132|113
3133|135
3134|135
3135|112
3136|204
3137|204
3138|204
3139|164
3140|164
3141|176
3142|283
3143|203
3144|203
3145|250
3146|216
3147|218
3148|246
3149|223
3150|209
3151|222
3152|222
3153|222
3154|132
3155|307
3156|259
3157|148
3158|148
3159|283
3160|159
3161|159
3162|217
3163|136
3164|180
3165|180
3166|169
3167|229
3168|183
3169|183
3170|227
3171|237
3172|235
3173|235
3174|235
3175|235
3176|139
3177|139
3178|213
3179|213
3180|240
3181|250
3182|250
3183|250
3184|142
3185|142
3186|304
3187|220
3188|220
3189|220
3190|220
3191|220
3192|220
3193|127
3194|127
3195|127
3196|273
3197|190
3198|190
3199|190
3200|190
3201|190
3202|190
3203|190
3204|190
3205|190
3206|190
3207|190
3208|190
3209|190
3210|190
3211|190
3212|190
3213|190
3214|118
3215|118
3216|118
3217|121
3218|121
3219|214
3220|214
3221|298
3222|298
3223|298
3224|196
3225|196
3226|196
3227|258
3228|156
3229|156
3230|266
3231|170
3232|153
3233|155
3234|118
3235|120
3236|241
3237|241
3238|268
3239|268
3240|272
3241|308
3242|151
3243|151
3244|260
3245|182
3246|182
3247|182
3248|117
3249|297
3250|271
3251|252
3252|232
3253|197
3254|119
3255|119
3256|274
3257|274
3258|274
3259|274
3260|274
3261|257
3262|198
3263|160
3264|291
3265|128
3266|128
3267|128
3268|206
3269|206
3270|206
3271|206
3272|153
3273|153
3274|153
3275|189
3276|189
3277|189
3278|184
3279|225
3280|126
3281|261
3282|261
3283|261
3284|261
3285|261
3286|261
3287|261
3288|261
3289|261
3290|261
3291|261
3292|261
3293|261
3294|215
3295|215
3296|215
3297|267
3298|267
3299|152
3300|147
3301|287
3302|287
3303|287
3304|287
3305|287
3306|287
3307|200
3308|174
3309|174
3310|149
3311|134
3312|199
3313|122
3314|122
3315|300
3316|300
3317|300
3318|300
3319|300
3320|121
3321|281
3322|209
3323|300
3324|300
3325|300
3326|300
3327|300
3328|300
3329|300
3330|300
3331|300
3332|300
3333|253
3334|253
3335|253
3336|253
3337|253
3338|167
3339|167
3340|167
3341|167
3342|167
3343|167
3344|230
3345|276
3346|276
3347|245
3348|140
3349|131
3350|161
3351|238
3352|255
3353|208
3354|208
3355|205
3356|205
3357|236
3358|256
3359|256
3360|282
3361|187
3362|141
3363|141
3364|141
3365|263
3366|270
3367|233
3368|127
3369|157
3370|264
3371|111
3372|111
3373|265
3374|130
3375|145
3376|234
3377|309
3378|309
3379|309
3380|293
3381|293
3382|288
3383|251
3384|251
3385|166
3386|289
3387|221
3388|154
3389|133
3390|133
3391|305
3392|169
3393|220
3394|142
3395|163
3396|120
3397|137
3398|306
3399|294
3400|241
3401|241
3402|241
3403|241
3404|254
3405|308
3406|308
3407|228
3408|151
3409|151
3410|151
3411|182
3412|182
3413|269
3414|117
3415|271
3416|271
3417|271
3418|271
3419|171
3420|252
3421|232
3422|175
3423|175
3424|292
3425|292
3426|262
3427|274
3428|274
3429|274
3430|226
3431|160
3432|128
3433|128
3434|128
3435|128
3436|128
3437|128
3438|128
3439|128
3440|206
3441|206
3442|206
3443|153
3444|189
3445|189
3446|146
3447|261
3448|261
3449|261
3450|261
3451|261
3452|261
3453|261
3454|261
3455|261
3456|261
3457|261
3458|215
3459|215
3460|215
3461|215
3462|210
3463|152
3464|147
3465|147
3466|147
3467|287
3468|287
3469|287
3470|287
3471|287
3472|287
3473|287
3474|134
3475|134
3476|199
3477|300
3478|300
3479|300
3480|300
3481|300
3482|290
3483|176
3484|246
3485|246
3486|246
3487|209
3488|209
3489|222
3490|132
3491|132
3492|132
3493|132
3494|132
3495|132
3496|132
3497|132
3498|307
3499|181
3500|162
3501|162
3502|194
3503|148
3504|148
3505|148
3506|148
3507|148
3508|148
3509|148
3510|159
3511|186
3512|136
3513|180
3514|180
3515|180
3516|243
3517|202
3518|183
3519|284
3520|185
3521|224
3522|304
3523|304
3524|304
3525|304
3526|304
3527|304
3528|304
3529|304
3530|220
3531|220
3532|220
3533|220
3534|220
3535|190
3536|190
3537|190
3538|190
3539|190
3540|190
3541|190
3542|190
3543|190
3544|190
3545|190
3546|190
3547|190
3548|190
3549|118
3550|118
3551|118
3552|121
3553|121
3554|225
3555|214
3556|298
3557|196
3558|258
3559|156
3560|156
3561|156
3562|156
3563|266
3564|266
3565|111
3566|138
3567|294
3568|164
3569|176
3570|176
3571|176
3572|176
3573|176
3574|176
3575|176
3576|176
3577|176
3578|176
3579|176
3580|177
3581|138
3582|138
3583|173
3584|239
3585|277
3586|164
3587|164
3588|164
3589|164
3590|164
3591|164
3592|164
3593|164
3594|164
3595|164
3596|164
3597|164
3598|164
3599|164
3600|164
3601|164
3602|164
3603|164
3604|164
3605|164
3606|164
3607|164
3608|164
3609|164
3610|164
3611|164
3612|164
3613|164
3614|164
3615|124
3616|124
3617|124
3618|124
3619|124
3620|124
3621|124
3622|124
3623|124
3624|168
3625|168
3626|168
3627|168
3628|296
3629|296
3630|178
3631|178
3632|178
3633|178
3634|178
3635|178
3636|178
3637|244
3638|244
3639|244
3640|244
3641|123
3642|123
3643|286
3644|115
3645|295
3646|302
3647|133
3648|133
3649|133
3650|133
3651|133
3652|133
3653|133
3654|133
3655|133
3656|133
3657|133
3658|133
3659|114
3660|114
3661|193
3662|193
3663|150
3664|150
3665|150
3666|125
3667|125
3668|165
3669|224
3670|224
3671|247
3672|247
3673|247
3674|275
3675|285
3676|285
3677|285
3678|285
3679|285
3680|285
3681|285
3682|285
3683|135
3684|135
3685|135
3686|116
3687|204
3688|204
3689|164
3690|164
3691|164
3692|124
3693|176
3694|176
3695|176
3696|250
3697|206
3698|174
3699|300
3700|300
3701|300
3702|300
3703|300
3704|300
3705|300
3706|300
3707|300
3708|300
3709|300
3710|300
3711|167
3712|167
3713|167
3714|167
3715|167
3716|167
3717|201
3718|201
3719|276
3720|276
3721|245
3722|245
3723|140
3724|140
3725|131
3726|131
3727|131
3728|238
3729|205
3730|205
3731|203
3732|203
3733|282
3734|282
3735|248
3736|248
3737|187
3738|263
3739|270
3740|270
3741|270
3742|157
3743|264
3744|111
3745|111
3746|111
3747|111
3748|265
3749|126
3750|130
3751|130
3752|145
3753|195
3754|234
3755|293
3756|192
3757|192
3758|192
3759|166
3760|289
3761|221
3762|191
3763|128
3764|220
3765|133
3766|267
3767|186
3768|300
3769|300
3770|300
3771|300
3772|300
3773|300
3774|300
3775|253
3776|167
3777|167
3778|167
3779|167
3780|167
3781|144
3782|144
3783|179
3784|179
3785|179
3786|230
3787|201
3788|276
3789|276
3790|276
3791|140
3792|140
3793|140
3794|140
3795|161
3796|208
3797|205
3798|205
3799|236
3800|236
3801|203
3802|256
3803|256
3804|282
3805|248
3806|187
3807|158
3808|158
3809|158
3810|141
3811|270
3812|270
3813|111
3814|111
3815|218
3816|130
3817|130
3818|130
3819|130
3820|309
3821|293
3822|288
3823|251
3824|192
3825|289
3826|221
3827|191
3828|154
3829|264
3830|128
3831|128
3832|261
3833|261
3834|133
3835|133
3836|133
3837|133
3838|174
3839|211
3840|124
3841|167
3842|261
3843|246
3844|246
3845|209
3846|222
3847|132
3848|132
3849|132
3850|132
3851|290
3852|259
3853|259
3854|148
3855|148
3856|148
3857|283
3858|159
3859|159
3860|428
3861|186
3862|186
3863|186
3864|136
3865|243
3866|243
3867|243
3868|202
3869|183
3870|227
3871|237
3872|237
3873|284
3874|284
3875|304
3876|304
3877|304
3878|220
3879|190
3880|190
3881|190
3882|190
3883|190
3884|190
3885|190
3886|190
3887|190
3888|190
3889|190
3890|190
3891|190
3892|190
3893|190
3894|118
3895|118
3896|118
3897|121
3898|121
3899|121
3900|121
3901|121
3902|121
3903|121
3904|121
3905|225
3906|214
3907|298
3908|298
3909|258
3910|258
3911|156
3912|266
3913|170
3914|296
3915|155
3916|123
3917|299
3918|176
3919|176
3920|176
3921|176
3922|176
3923|176
3924|176
3925|176
3926|176
3927|176
3928|176
3929|176
3930|176
3931|176
3932|176
3933|176
3934|176
3935|176
3936|176
3937|176
3938|176
3939|176
3940|176
3941|176
3942|176
3943|176
3944|177
3945|138
3946|279
3947|279
3948|279
3949|279
3950|231
3951|305
3952|129
3953|129
3954|249
3955|164
3956|164
3957|164
3958|164
3959|164
3960|164
3961|164
3962|164
3963|164
3964|164
3965|164
3966|164
3967|164
3968|164
3969|164
3970|164
3971|164
3972|164
3973|164
3974|164
3975|164
3976|164
3977|164
3978|164
3979|164
3980|164
3981|164
3982|164
3983|164
3984|164
3985|124
3986|124
3987|124
3988|124
3989|124
3990|124
3991|124
3992|124
3993|124
3994|124
3995|124
3996|124
3997|124
3998|124
3999|124
4000|124
4001|124
4002|124
4003|124
4004|124
4005|124
4006|168
4007|296
4008|296
4009|178
4010|178
4011|178
4012|178
4013|244
4014|244
4015|244
4016|244
4017|286
4018|295
4019|219
4020|302
4021|133
4022|133
4023|133
4024|133
4025|114
4026|212
4027|212
4028|212
4029|150
4030|150
4031|150
4032|125
4033|125
4034|278
4035|278
4036|188
4037|280
4038|280
4039|172
4040|165
4041|224
4042|275
4043|113
4044|113
4045|113
4046|116
4047|116
4048|204
4049|204
4050|204
4051|258
4052|163
4053|120
4054|137
4055|137
4056|241
4057|228
4058|228
4059|228
4060|151
4061|269
4062|772
4063|297
4064|297
4065|171
4066|171
4067|252
4068|232
4069|292
4070|292
4071|119
4072|119
4073|119
4074|119
4075|262
4076|274
4077|128
4078|128
4079|128
4080|128
4081|206
4082|153
4083|146
4084|126
4085|261
4086|261
4087|261
4088|261
4089|261
4090|261
4091|261
4092|261
4093|261
4094|261
4095|261
4096|261
4097|261
4098|215
4099|215
4100|210
4101|143
4102|143
4103|152
4104|147
4105|287
4106|287
4107|287
4108|287
4109|287
4110|287
4111|287
4112|287
4113|200
4114|174
4115|174
4116|174
4117|300
4118|300
4119|300
4120|300
4121|203
4122|304
4123|128
4124|260
4125|185
4126|246
4127|246
4128|223
4129|209
4130|209
4131|222
4132|222
4133|222
4134|132
4135|132
4136|307
4137|307
4138|181
4139|194
4140|148
4141|148
4142|283
4143|283
4144|283
4145|217
4146|186
4147|186
4148|136
4149|180
4150|180
4151|169
4152|243
4153|243
4154|229
4155|202
4156|202
4157|183
4158|183
4159|240
4160|250
4161|250
4162|250
4163|250
4164|142
4165|142
4166|304
4167|304
4168|304
4169|304
4170|304
4171|304
4172|197
4173|220
4174|220
4175|273
4176|190
4177|190
4178|190
4179|190
4180|190
4181|190
4182|190
4183|190
4184|190
4185|190
4186|190
4187|190
4188|190
4189|190
4190|118
4191|118
4192|118
4193|121
4194|121
4195|121
4196|225
4197|214
4198|214
4199|298
4200|298
4201|298
4202|298
4203|196
4204|258
4205|156
4206|156
4207|266
4208|190
4209|167
4210|176
4211|176
4212|176
4213|176
4214|176
4215|176
4216|176
4217|176
4218|176
4219|176
4220|176
4221|176
4222|177
4223|177
4224|138
4225|279
4226|279
4227|231
4228|231
4229|231
4230|305
4231|305
4232|173
4233|173
4234|164
4235|164
4236|164
4237|164
4238|164
4239|164
4240|164
4241|164
4242|164
4243|164
4244|164
4245|164
4246|164
4247|164
4248|164
4249|164
4250|164
4251|164
4252|164
4253|164
4254|164
4255|164
4256|164
4257|164
4258|164
4259|164
4260|164
4261|164
4262|164
4263|164
4264|164
4265|164
4266|164
4267|164
4268|164
4269|164
4270|164
4271|164
4272|164
4273|164
4274|164
4275|124
4276|124
4277|124
4278|124
4279|124
4280|124
4281|124
4282|124
4283|124
4284|124
4285|124
4286|124
4287|124
4288|124
4289|124
4290|124
4291|124
4292|124
4293|124
4294|124
4295|124
4296|124
4297|124
4298|168
4299|168
4300|296
4301|207
4302|178
4303|178
4304|178
4305|244
4306|244
4307|244
4308|244
4309|242
4310|301
4311|281
4312|123
4313|123
4314|123
4315|123
4316|123
4317|123
4318|286
4319|303
4320|219
4321|302
4322|133
4323|133
4324|133
4325|133
4326|133
4327|133
4328|133
4329|133
4330|193
4331|193
4332|212
4333|212
4334|150
4335|125
4336|165
4337|165
4338|165
4339|285
4340|113
4341|135
4342|135
4343|135
4344|112
4345|116
4346|116
4347|176
4348|176
4349|276
4350|178
4351|203
4352|250
4353|287
4354|164
4355|178
4356|280
4357|137
4358|137
4359|306
4360|294
4361|241
4362|268
4363|268
4364|268
4365|268
4366|272
4367|254
4368|254
4369|297
4370|171
4371|252
4372|197
4373|292
4374|291
4375|119
4376|119
4377|119
4378|274
4379|274
4380|274
4381|274
4382|274
4383|257
4384|198
4385|226
4386|128
4387|128
4388|128
4389|128
4390|128
4391|128
4392|128
4393|128
4394|128
4395|128
4396|206
4397|206
4398|206
4399|206
4400|189
4401|184
4402|261
4403|261
4404|261
4405|261
4406|261
4407|261
4408|261
4409|261
4410|261
4411|261
4412|215
4413|215
4414|215
4415|215
4416|215
4417|215
4418|210
4419|210
4420|210
4421|210
4422|143
4423|147
4424|287
4425|287
4426|287
4427|287
4428|287
4429|287
4430|200
4431|149
4432|134
4433|300
4434|300
4435|300
4436|167
4437|190
4438|190
4439|190
4440|124
4441|183
4442|278
4443|169
4444|300
4445|300
4446|300
4447|300
4448|300
4449|300
4450|300
4451|300
4452|300
4453|300
4454|300
4455|300
4456|300
4457|300
4458|300
4459|253
4460|253
4461|253
4462|167
4463|167
4464|167
4465|167
4466|167
4467|167
4468|167
4469|167
4470|167
4471|144
4472|144
4473|276
4474|276
4475|131
4476|161
4477|161
4478|238
4479|255
4480|208
4481|205
4482|236
4483|203
4484|256
4485|211
4486|211
4487|141
4488|141
4489|263
4490|270
4491|270
4492|233
4493|111
4494|111
4495|111
4496|265
4497|126
4498|130
4499|130
4500|145
4501|195
4502|195
4503|234
4504|309
4505|251
4506|289
4507|221
4508|191
4509|261
4510|635
4511|650
4512|669
4513|661
4514|660
4515|653
4516|653
4517|662
4518|644
4519|658
4520|658
4521|658
4522|658
4523|637
4524|637
4525|637
4526|655
4527|659
4528|643
4529|643
4530|656
4531|658
4532|651
4533|655
4534|668
4535|666
4536|660
4537|660
4538|660
4539|649
4540|653
4541|672
4542|642
4543|647
4544|652
4545|663
4546|657
4547|652
4548|664
4549|673
4550|640
4551|648
4552|660
4553|660
4554|660
4555|645
4556|671
4557|665
4558|641
4559|636
4560|658
4561|658
4562|658
4563|658
4564|651
4565|651
4566|637
4567|637
4568|637
4569|639
4570|642
4571|642
4572|670
4573|638
4574|654
4575|669
4576|667
4577|646
4578|660
4579|660
4580|643
4581|658
4582|658
4583|658
4584|658
4585|658
4586|637
4587|655
4588|655
4589|1159
4590|1159
4591|1161
4592|1161
4593|1162
4594|1161
4595|1167
4596|1167
4597|1165
4598|1160
4599|1162
4600|1166
4601|1166
4602|1166
4603|1166
4604|1166
4605|1166
4606|1158
4607|1165
4608|1166
4609|1165
4610|1164
4611|1164
4612|1164
4613|1166
4614|1166
4615|1161
4616|1167
4617|1166
4618|1166
4619|1166
4620|1166
4621|1166
4622|1166
4623|1166
4624|1166
4625|1166
4626|1158
4627|1161
4628|1161
4629|1166
4630|1160
4631|1162
4632|1166
4633|1166
4634|1166
4635|1166
4636|1166
4637|1166
4638|1166
4639|1166
4640|1166
4641|1158
4642|1163
4643|1163
4644|1158
4645|1167
4646|1166
4647|1166
4648|1160
4649|1166
4650|1166
4651|1166
4652|1166
4653|1166
4654|1166
4655|1158
4656|1158
4657|1165
4658|1164
4659|1166
4660|1166
4661|1163
4662|523
4663|523
4664|523
4665|523
4666|523
4667|523
4668|523
4669|1177
4670|1002
4671|1172
4672|1172
4673|1168
4674|1168
4675|1171
4676|1171
4677|1173
4678|1173
4679|1173
4680|1176
4681|1176
4682|1175
4683|1174
4684|1170
4685|609
4686|1169
4687|1169
4688|1173
4689|1173
4690|1173
4691|1173
4692|1173
4693|1176
4694|1177
4695|1172
4696|1172
4697|1172
4698|1172
4699|1175
4700|1170
4701|1176
4702|1175
4703|1175
4704|1175
4705|1174
4706|1174
4707|1170
4708|1170
4709|1170
4710|1172
4711|1173
4712|1173
4713|1173
4714|1173
4715|1173
4716|1172
4717|1172
4718|1172
4719|1172
4720|1168
4721|1169
4722|1173
4723|1170
4724|1171
4725|1173
4726|1173
4727|1173
4728|1176
4729|1176
4730|1176
4731|1172
4732|1172
4733|1172
4734|1172
4735|1172
4736|1172
4737|1168
4738|1173
4739|1173
4740|1174
4741|1172
4742|693
4743|693
4744|679
4745|701
4746|686
4747|686
4748|680
4749|707
4750|707
4751|697
4752|696
4753|696
4754|684
4755|681
4756|708
4757|694
4758|694
4759|694
4760|703
4761|703
4762|676
4763|676
4764|677
4765|677
4766|674
4767|674
4768|674
4769|674
4770|692
4771|692
4772|698
4773|698
4774|688
4775|678
4776|682
4777|682
4778|702
4779|690
4780|690
4781|711
4782|711
4783|683
4784|683
4785|710
4786|710
4787|710
4788|706
4789|706
4790|706
4791|692
4792|692
4793|675
4794|675
4795|702
4796|713
4797|713
4798|712
4799|712
4800|709
4801|709
4802|684
4803|681
4804|681
4805|695
4806|694
4807|694
4808|687
4809|677
4810|704
4811|674
4812|696
4813|687
4814|694
4815|693
4816|693
4817|700
4818|697
4819|696
4820|696
4821|685
4822|685
4823|685
4824|689
4825|689
4826|711
4827|705
4828|705
4829|705
4830|705
4831|683
4832|683
4833|710
4834|706
4835|694
4836|694
4837|703
4838|699
4839|699
4840|699
4841|699
4842|683
4843|710
4844|684
4845|684
4846|684
4847|708
4848|695
4849|694
4850|703
4851|676
4852|676
4853|676
4854|677
4855|674
4856|674
4857|674
4858|693
4859|679
4860|701
4861|686
4862|680
4863|680
4864|707
4865|700
4866|697
4867|696
4868|689
4869|689
4870|713
4871|688
4872|675
4873|675
4874|678
4875|678
4876|682
4877|702
4878|712
4879|708
4880|708
4881|695
4882|694
4883|694
4884|694
4885|694
4886|703
4887|676
4888|687
4889|677
4890|677
4891|704
4892|704
4893|674
4894|693
4895|693
4896|701
4897|687
4898|686
4899|700
4900|700
4901|696
4902|696
4903|698
4904|698
4905|688
4906|691
4907|691
4908|691
4909|675
4910|678
4911|678
4912|682
4913|702
4914|702
4915|713
4916|709
4917|708
4918|699
4919|699
4920|690
4921|683
4922|683
4923|683
4924|683
4925|683
4926|710
4927|706
4928|524
4929|524
4930|524
4931|524
4932|524
4933|524
4934|524
4935|524
4936|524
4937|524
4938|524
4939|1178
4940|1178
4941|1186
4942|1186
4943|1186
4944|1186
4945|1186
4946|1186
4947|1192
4948|1190
4949|772
4950|1195
4951|1195
4952|1193
4953|1195
4954|1195
4955|1195
4956|1188
4957|1194
4958|1195
4959|1189
4960|1191
4961|1196
4962|1195
4963|1195
4964|1195
4965|1195
4966|1195
4967|1195
4968|525
4969|526
4970|526
4971|526
4972|526
4973|526
4974|526
4975|526
4976|527
4977|527
4978|527
4979|528
4980|528
4981|528
4982|528
4983|528
4984|529
4985|529
4986|529
4987|529
4988|529
4989|529
4990|529
4991|1201
4992|1207
4993|1216
4994|1211
4995|1208
4996|1214
4997|1214
4998|1214
4999|1214
5000|1212
5001|1212
5002|1210
5003|1210
5004|1210
5005|1216
5006|1216
5007|1207
5008|1214
5009|1214
5010|1214
5011|1214
5012|1214
5013|1212
5014|1210
5015|1209
5016|1210
5017|1214
5018|1214
5019|1214
5020|1211
5021|1208
5022|1215
5023|1213
5024|1213
5025|1207
5026|1216
5027|1216
5028|1216
5029|1216
5030|1215
5031|1215
5032|1209
5033|1209
5034|1213
5035|530
5036|531
5037|532
5038|714
5039|714
5040|732
5041|715
5042|715
5043|716
5044|736
5045|750
5046|731
5047|733
5048|735
5049|730
5050|730
5051|730
5052|730
5053|730
5054|730
5055|730
5056|741
5057|720
5058|364
5059|729
5060|737
5061|734
5062|718
5063|723
5064|746
5065|726
5066|747
5067|724
5068|721
5069|728
5070|717
5071|739
5072|738
5073|743
5074|749
5075|749
5076|748
5077|752
5078|727
5079|722
5080|730
5081|730
5082|730
5083|730
5084|730
5085|730
5086|730
5087|744
5088|729
5089|719
5090|745
5091|745
5092|730
5093|730
5094|730
5095|730
5096|730
5097|730
5098|730
5099|730
5100|720
5101|720
5102|731
5103|721
5104|752
5105|725
5106|740
5107|742
5108|714
5109|751
5110|715
5111|725
5112|730
5113|730
5114|730
5115|730
5116|730
5117|730
5118|730
5119|730
5120|730
5121|730
5122|729
5123|742
5124|734
5125|745
5126|730
5127|714
5128|714
5129|714
5130|714
5131|714
5132|714
5133|732
5134|732
5135|732
5136|751
5137|716
5138|731
5139|740
5140|1222
5141|1223
5142|1223
5143|1223
5144|1223
5145|1223
5146|1220
5147|1223
5148|1223
5149|533
5150|533
5151|533
5152|533
5153|1228
5154|1236
5155|1229
5156|1230
5157|1234
5158|1228
5159|1232
5160|1230
5161|1230
5162|1234
5163|534
5164|534
5165|534
5166|534
5167|1241
5168|1243
5169|1245
5170|1245
5171|1239
5172|1238
5173|1237
5174|1240
5175|1245
5176|1245
5177|1245
5178|1242
5179|1241
5180|1240
5181|1245
5182|1244
5183|1254
5184|1254
5185|1254
5186|1248
5187|1248
5188|1253
5189|1251
5190|1256
5191|1256
5192|1249
5193|1255
5194|1252
5195|1251
5196|1251
5197|1247
5198|1247
5199|1256
5200|1255
5201|1254
5202|1254
5203|1254
5204|1253
5205|1250
5206|1250
5207|1254
5208|1254
5209|1252
5210|1252
5211|1248
5212|1253
5213|1251
5214|1249
5215|1251
5216|1248
5217|1248
5218|1253
5219|1251
5220|1251
5221|1251
5222|1247
5223|1256
5224|1256
5225|1255
5226|1026
5227|535
5228|1026
5229|535
5230|535
5231|535
5232|536
5233|536
5234|1260
5235|1260
5236|1259
5237|537
5238|537
5239|537
5240|537
5241|537
5242|1363
5243|538
5244|538
5245|538
5246|538
5247|538
5248|538
5249|538
5250|538
5251|538
5252|538
5253|538
5254|538
5255|538
5256|538
5257|539
5258|539
5259|539
5260|539
5261|539
5262|539
5263|786
5264|786
5265|786
5266|786
5267|784
5268|771
5269|762
5270|762
5271|762
5272|762
5273|762
5274|762
5275|762
5276|762
5277|762
5278|762
5279|762
5280|762
5281|762
5282|762
5283|762
5284|776
5285|776
5286|776
5287|775
5288|777
5289|777
5290|777
5291|777
5292|777
5293|777
5294|777
5295|777
5296|760
5297|778
5298|756
5299|755
5300|753
5301|758
5302|772
5303|770
5304|770
5305|772
5306|772
5307|772
5308|772
5309|772
5310|772
5311|772
5312|772
5313|772
5314|772
5315|772
5316|772
5317|772
5318|783
5319|792
5320|754
5321|766
5322|781
5323|780
5324|779
5325|788
5326|790
5327|782
5328|782
5329|764
5330|761
5331|769
5332|765
5333|765
5334|787
5335|759
5336|774
5337|770
5338|773
5339|772
5340|772
5341|772
5342|772
5343|772
5344|772
5345|772
5346|772
5347|772
5348|772
5349|772
5350|772
5351|772
5352|772
5353|785
5354|763
5355|777
5356|777
5357|777
5358|777
5359|791
5360|791
5361|757
5362|760
5363|760
5364|778
5365|768
5366|768
5367|758
5368|784
5369|190
5370|762
5371|762
5372|762
5373|762
5374|762
5375|762
5376|762
5377|762
5378|762
5379|762
5380|762
5381|776
5382|782
5383|782
5384|782
5385|789
5386|769
5387|765
5388|782
5389|782
5390|767
5391|765
5392|787
5393|777
5394|777
5395|777
5396|760
5397|777
5398|786
5399|786
5400|786
5401|784
5402|784
5403|784
5404|762
5405|762
5406|762
5407|762
5408|762
5409|762
5410|762
5411|762
5412|762
5413|770
5414|770
5415|770
5416|772
5417|772
5418|772
5419|772
5420|772
5421|772
5422|772
5423|772
5424|772
5425|772
5426|772
5427|772
5428|772
5429|772
5430|772
5431|777
5432|777
5433|777
5434|777
5435|777
5436|777
5437|777
5438|777
5439|777
5440|778
5441|778
5442|778
5443|753
5444|786
5445|786
5446|784
5447|762
5448|762
5449|762
5450|762
5451|762
5452|762
5453|762
5454|762
5455|762
5456|762
5457|762
5458|776
5459|776
5460|776
5461|776
5462|777
5463|770
5464|772
5465|772
5466|772
5467|772
5468|772
5469|772
5470|772
5471|772
5472|772
5473|772
5474|772
5475|772
5476|772
5477|772
5478|772
5479|785
5480|782
5481|782
5482|789
5483|769
5484|769
5485|767
5486|787
5487|540
5488|540
5489|540
5490|540
5491|540
5492|540
5493|541
5494|541
5495|541
5496|1276
5497|1268
5498|1271
5499|1267
5500|1275
5501|1275
5502|1275
5503|1270
5504|1270
5505|1273
5506|1269
5507|1274
5508|1272
5509|1270
5510|1275
5511|1275
5512|1267
5513|1275
5514|1275
5515|1275
5516|1275
5517|1267
5518|1275
5519|1275
5520|1275
5521|801
5522|801
5523|801
5524|801
5525|798
5526|828
5527|830
5528|806
5529|810
5530|797
5531|802
5532|825
5533|825
5534|825
5535|816
5536|816
5537|816
5538|809
5539|807
5540|807
5541|799
5542|820
5543|820
5544|820
5545|817
5546|828
5547|800
5548|801
5549|801
5550|798
5551|803
5552|803
5553|825
5554|823
5555|809
5556|809
5557|831
5558|831
5559|824
5560|805
5561|819
5562|819
5563|811
5564|827
5565|815
5566|815
5567|796
5568|796
5569|821
5570|822
5571|829
5572|829
5573|829
5574|812
5575|814
5576|823
5577|823
5578|823
5579|823
5580|808
5581|808
5582|793
5583|793
5584|793
5585|793
5586|802
5587|800
5588|800
5589|800
5590|800
5591|800
5592|809
5593|809
5594|800
5595|800
5596|815
5597|796
5598|826
5599|826
5600|564
5601|564
5602|822
5603|829
5604|812
5605|812
5606|814
5607|814
5608|814
5609|823
5610|823
5611|823
5612|823
5613|823
5614|823
5615|808
5616|808
5617|808
5618|808
5619|793
5620|793
5621|793
5622|793
5623|793
5624|813
5625|813
5626|794
5627|794
5628|800
5629|800
5630|800
5631|800
5632|800
5633|800
5634|800
5635|800
5636|517
5637|809
5638|809
5639|801
5640|801
5641|801
5642|801
5643|798
5644|830
5645|830
5646|806
5647|806
5648|803
5649|803
5650|803
5651|803
5652|797
5653|797
5654|797
5655|802
5656|816
5657|816
5658|809
5659|809
5660|809
5661|831
5662|824
5663|824
5664|831
5665|831
5666|831
5667|824
5668|824
5669|805
5670|805
5671|828
5672|819
5673|811
5674|827
5675|827
5676|827
5677|815
5678|801
5679|801
5680|801
5681|801
5682|798
5683|806
5684|564
5685|564
5686|810
5687|802
5688|802
5689|802
5690|802
5691|816
5692|816
5693|816
5694|809
5695|796
5696|826
5697|821
5698|821
5699|814
5700|823
5701|823
5702|823
5703|823
5704|819
5705|819
5706|811
5707|824
5708|815
5709|807
5710|818
5711|820
5712|817
5713|804
5714|804
5715|804
5716|795
5717|795
5718|830
5719|823
5720|808
5721|793
5722|793
5723|813
5724|794
5725|810
5726|810
5727|800
5728|800
5729|800
5730|800
5731|800
5732|800
5733|809
5734|809
5735|800
5736|800
5737|807
5738|799
5739|818
5740|818
5741|817
5742|804
5743|795
5744|795
5745|795
5746|801
5747|824
5748|824
5749|819
5750|822
5751|796
5752|796
5753|796
5754|826
5755|826
5756|822
5757|812
5758|812
5759|814
5760|814
5761|823
5762|823
5763|823
5764|823
5765|823
5766|823
5767|823
5768|808
5769|808
5770|808
5771|793
5772|793
5773|793
5774|813
5775|794
5776|794
5777|800
5778|800
5779|800
5780|800
5781|800
5782|800
5783|800
5784|800
5785|800
5786|800
5787|517
5788|809
5789|800
5790|800
5791|800
5792|824
5793|800
5794|807
5795|807
5796|799
5797|818
5798|820
5799|817
5800|1285
5801|1282
5802|1282
5803|1282
5804|1279
5805|1279
5806|1283
5807|1283
5808|1285
5809|1286
5810|1286
5811|1286
5812|1284
5813|1284
5814|1284
5815|1284
5816|1284
5817|1284
5818|1277
5819|1277
5820|1286
5821|1284
5822|1278
5823|1281
5824|1281
5825|1285
5826|1285
5827|1286
5828|1286
5829|1286
5830|1286
5831|1286
5832|1285
5833|1284
5834|1284
5835|1277
5836|1278
5837|1286
5838|1286
5839|1282
5840|1279
5841|1279
5842|1281
5843|1281
5844|1286
5845|1282
5846|1280
5847|1280
5848|1279
5849|1279
5850|1279
5851|1283
5852|1283
5853|1283
5854|1286
5855|1284
5856|1278
5857|1281
5858|1280
5859|1280
5860|1280
5861|1293
5862|1292
5863|1289
5864|1295
5865|1296
5866|1294
5867|1294
5868|1291
5869|1288
5870|1290
5871|1293
5872|1293
5873|1293
5874|1293
5875|1287
5876|1287
5877|1293
5878|1292
5879|1287
5880|1293
5881|1293
5882|1293
5883|1293
5884|1293
5885|1349
5886|1291
5887|1287
5888|1293
5889|1293
5890|1293
5891|1287
5892|542
5893|542
5894|543
5895|543
5896|543
5897|543
5898|543
5899|543
5900|543
5901|543
5902|543
5903|543
5904|543
5905|543
5906|543
5907|543
5908|543
5909|543
5910|543
5911|543
5912|543
5913|543
5914|543
5915|543
5916|543
5917|543
5918|543
5919|543
5920|543
5921|543
5922|543
5923|543
5924|543
5925|543
5926|543
5927|543
5928|543
5929|543
5930|543
5931|543
5932|543
5933|543
5934|543
5935|544
5936|544
5937|544
5938|544
5939|544
5940|544
5941|1305
5942|1305
5943|1309
5944|1306
5945|1314
5946|1311
5947|1311
5948|1308
5949|1307
5950|1306
5951|1313
5952|1310
5953|1314
5954|1305
5955|1308
5956|1312
5957|1312
5958|1308
5959|1308
5960|1308
5961|1308
5962|1308
5963|1312
5964|1306
5965|1306
5966|1314
5967|1314
5968|1305
5969|1305
5970|1306
5971|1314
5972|1305
5973|1305
5974|1305
5975|1308
5976|1308
5977|1308
5978|1307
5979|836
5980|860
5981|863
5982|832
5983|869
5984|858
5985|868
5986|858
5987|858
5988|849
5989|862
5990|846
5991|870
5992|856
5993|837
5994|865
5995|845
5996|845
5997|845
5998|845
5999|845
6000|845
6001|845
6002|861
6003|836
6004|871
6005|857
6006|853
6007|851
6008|845
6009|845
6010|845
6011|845
6012|845
6013|845
6014|845
6015|845
6016|845
6017|845
6018|836
6019|852
6020|844
6021|844
6022|844
6023|839
6024|834
6025|866
6026|855
6027|850
6028|842
6029|842
6030|867
6031|836
6032|836
6033|864
6034|859
6035|844
6036|844
6037|844
6038|844
6039|844
6040|844
6041|844
6042|844
6043|841
6044|840
6045|834
6046|838
6047|844
6048|844
6049|844
6050|844
6051|844
6052|844
6053|839
6054|854
6055|841
6056|848
6057|843
6058|835
6059|513
6060|847
6061|847
6062|834
6063|868
6064|868
6065|868
6066|858
6067|867
6068|871
6069|853
6070|851
6071|851
6072|851
6073|845
6074|845
6075|845
6076|845
6077|845
6078|845
6079|845
6080|845
6081|845
6082|845
6083|861
6084|845
6085|845
6086|845
6087|845
6088|836
6089|836
6090|836
6091|1363
6092|868
6093|858
6094|842
6095|833
6096|833
6097|871
6098|871
6099|853
6100|853
6101|853
6102|851
6103|851
6104|845
6105|845
6106|845
6107|845
6108|845
6109|845
6110|845
6111|845
6112|845
6113|845
6114|845
6115|845
6116|845
6117|845
6118|845
6119|836
6120|860
6121|864
6122|863
6123|845
6124|844
6125|841
6126|841
6127|847
6128|545
6129|985
6130|546
6131|546
6132|546
6133|546
6134|546
6135|546
6136|546
6137|546
6138|546
6139|546
6140|546
6141|546
6142|546
6143|546
6144|546
6145|546
6146|546
6147|546
6148|1320
6149|1316
6150|1259
6151|983
6152|548
6153|548
6154|548
6155|548
6156|548
6157|548
6158|548
6159|1168
6160|549
6161|549
6162|549
6163|549
6164|1324
6165|1330
6166|364
6167|1325
6168|1331
6169|1326
6170|1326
6171|1328
6172|1330
6173|1329
6174|1327
6175|1332
6176|1332
6177|1324
6178|1324
6179|1330
6180|1330
6181|1330
6182|1324
6183|1330
6184|1330
6185|1331
6186|1332
6187|1332
6188|1325
6189|1325
6190|1332
6191|1332
6192|1332
6193|1330
6194|1330
6195|1330
6196|1330
6197|491
6198|1337
6199|1337
6200|1340
6201|1342
6202|1333
6203|1333
6204|1333
6205|1333
6206|1333
6207|1333
6208|1333
6209|1333
6210|1333
6211|1333
6212|1333
6213|1335
6214|1335
6215|1341
6216|1339
6217|1339
6218|1339
6219|1339
6220|1341
6221|1341
6222|1334
6223|1339
6224|1339
6225|1342
6226|1333
6227|1333
6228|1333
6229|1333
6230|1333
6231|1333
6232|1333
6233|1333
6234|1338
6235|1338
6236|1337
6237|1337
6238|1340
6239|1333
6240|1333
6241|1333
6242|1336
6243|1333
6244|1333
6245|1342
6246|1342
6247|1333
6248|1333
6249|1333
6250|1333
6251|1333
6252|1333
6253|1333
6254|1333
6255|1333
6256|1335
6257|1334
6258|1336
6259|1339
6260|1339
6261|1339
6262|1339
6263|1339
6264|1339
6265|1341
6266|1341
6267|1336
6268|1337
6269|1337
6270|1337
6271|1337
6272|1337
6273|1340
6274|1342
6275|1333
6276|1333
6277|1333
6278|1333
6279|1333
6280|1333
6281|1335
6282|1338
6283|1338
6284|1333
6285|1334
6286|1334
6287|1336
6288|1336
6289|1339
6290|1341
6291|491
6292|1337
6293|1337
6294|1337
6295|1337
6296|1337
6297|1337
6298|1340
6299|1333
6300|1333
6301|1343
6302|1344
6303|1348
6304|1345
6305|1345
6306|1345
6307|1347
6308|1350
6309|1352
6310|1345
6311|1344
6312|1344
6313|1344
6314|1344
6315|1344
6316|1347
6317|1349
6318|1345
6319|1349
6320|1345
6321|1345
6322|1350
6323|1349
6324|1351
6325|1351
6326|1062
6327|1344
6328|1344
6329|1346
6330|1346
6331|1351
6332|1344
6333|1344
6334|1344
6335|1344
6336|1343
6337|1346
6338|1348
6339|1345
6340|1345
6341|1345
6342|740
6343|1352
6344|1362
6345|1359
6346|1359
6347|1356
6348|1360
6349|1357
6350|1357
6351|1357
6352|1357
6353|1353
6354|1361
6355|1357
6356|1357
6357|1357
6358|1361
6359|1359
6360|1359
6361|1359
6362|1359
6363|1359
6364|1359
6365|1354
6366|1358
6367|1358
6368|1357
6369|1355
6370|1355
6371|1359
6372|1357
6373|1357
6374|1361
6375|1359
6376|1359
6377|1359
6378|1354
6379|1357
6380|1357
6381|1357
6382|1357
6383|1357
6384|1357
6385|1357
6386|1355
6387|1361
6388|550
6389|364
6390|1366
6391|1365
6392|1363
6393|1371
6394|1367
6395|1368
6396|1369
6397|1369
6398|1369
6399|1372
6400|1372
6401|1366
6402|1370
6403|1364
6404|1368
6405|1366
6406|1366
6407|1370
6408|1369
6409|1365
6410|1369
6411|1370
6412|1370
6413|1365
6414|1372
6415|1372
6416|1372
6417|1364
6418|1372
6419|1369
6420|1369
6421|1368
6422|1370
6423|1129
6424|551
6425|551
6426|551
6427|551
6428|198
6429|551
6430|551
6431|551
6432|1299
6433|1304
6434|1300
6435|1302
6436|1298
6437|1299
6438|1304
6439|1297
6440|1297
6441|1303
6442|1303
6443|1303
6444|1299
6445|1304
6446|1304
6447|1304
6448|1297
6449|1297
6450|1297
6451|1301
6452|1301
6453|1297
6454|1297
6455|1301
6456|1301
6457|1303
6458|1304
6459|1303
6460|1303
6461|1303
6462|1302
6463|1302
6464|1302
6465|1302
6466|1297
6467|1297
6468|1303
6469|1303
6470|1303
6471|1303
6472|1303
6473|552
6474|1375
6475|1374
6476|772
6477|1374
6478|1380
6479|1380
6480|1377
6481|1377
6482|1379
6483|1381
6484|1376
6485|1384
6486|1382
6487|1385
6488|1388
6489|1391
6490|1387
6491|1390
6492|1390
6493|1389
6494|1383
6495|1383
6496|1383
6497|1383
6498|1383
6499|1383
6500|1383
6501|1383
6502|1383
6503|1383
6504|1383
6505|1383
6506|1389
6507|1389
6508|1383
6509|1383
6510|1387
6511|1390
6512|1386
6513|1387
6514|1383
6515|1383
6516|1383
6517|1383
6518|1383
6519|1383
6520|1383
6521|1383
6522|1386
6523|1383
6524|1383
6525|1383
6526|1383
6527|1383
6528|1383
6529|1383
6530|1383
6531|1383
6532|1383
6533|1383
6534|1383
6535|1383
6536|1383
6537|1395
6538|1392
6539|1398
6540|1400
6541|1400
6542|1400
6543|1400
6544|1400
6545|1401
6546|1400
6547|1400
6548|1400
6549|1397
6550|1410
6551|1404
6552|1406
6553|1409
6554|1405
6555|1405
6556|1405
6557|1405
6558|1407
6559|1403
6560|1403
6561|1403
6562|1403
6563|1403
6564|1403
6565|1403
6566|1408
6567|1411
6568|1411
6569|1402
6570|1402
6571|1407
6572|1403
6573|1403
6574|1403
6575|1403
6576|1403
6577|1403
6578|1406
6579|1405
6580|1405
6581|1411
6582|1411
6583|1411
6584|1403
6585|1403
6586|1403
6587|1403
6588|1403
6589|1403
6590|1403
6591|1403
6592|1403
6593|1403
6594|1405
6595|1405
6596|1405
6597|1405
6598|1405
6599|1403
6600|1403
6601|1403
6602|1403
6603|1403
6604|1403
6605|1403
6606|1406
6607|1405
6608|1405
6609|1405
6610|1405
6611|1405
6612|1408
6613|1402
6614|1411
6615|1405
6616|1412
6617|1412
6618|1412
6619|1412
6620|1412
6621|1412
6622|1418
6623|1418
6624|1420
6625|1420
6626|1416
6627|1413
6628|1413
6629|1417
6630|1417
6631|1417
6632|1412
6633|1412
6634|1419
6635|1418
6636|1414
6637|1414
6638|1414
6639|1421
6640|1421
6641|1417
6642|1417
6643|1415
6644|1412
6645|1412
6646|1412
6647|1418
6648|1414
6649|1421
6650|1412
6651|1412
6652|1412
6653|1412
6654|1412
6655|1412
6656|1412
6657|1419
6658|1419
6659|1417
6660|1415
6661|1415
6662|1415
6663|1415
6664|1416
6665|1421
6666|1111
6667|1422
6668|1117
6669|1425
6670|1424
6671|1424
6672|1113
6673|902
6674|1111
6675|1115
6676|1115
6677|1115
6678|1115
6679|1006
6680|1024
6681|1024
6682|1024
6683|1024
6684|1024
6685|1024
6686|1024
6687|1024
6688|1024
6689|1024
6690|1024
6691|1024
6692|1024
6693|1024
6694|543
6695|902
6696|902
6697|1423
6698|1423
6699|1003
6700|1118
6701|1007
6702|1024
6703|1024
6704|546
6705|1425
6706|1425
6707|554
6708|554
6709|1424
6710|1424
6711|1024
6712|1009
6713|1422
6714|1002
6715|1115
6716|1115
6717|1115
6718|1115
6719|1115
6720|1006
6721|1024
6722|1024
6723|1024
6724|1024
6725|1024
6726|1024
6727|1024
6728|1024
6729|1024
6730|1115
6731|1115
6732|1024
6733|1024
6734|1024
6735|1024
6736|1024
6737|1024
6738|1024
6739|1024
6740|1024
6741|1024
6742|1024
6743|1024
6744|1024
6745|546
6746|1425
6747|554
6748|1424
6749|1111
6750|1111
6751|1422
6752|1114
6753|902
6754|1423
6755|772
6756|1024
6757|1024
6758|1110
6759|1112
6760|546
6761|546
6762|1425
6763|1006
6764|1111
6765|1111
6766|1422
6767|1423
6768|1007
6769|1007
6770|1024
6771|1024
6772|1024
6773|546
6774|1006
6775|1115
6776|1115
6777|1115
6778|1115
6779|1115
6780|1115
6781|1115
6782|1115
6783|1024
6784|1024
6785|1024
6786|1024
6787|1024
6788|1024
6789|1024
6790|1024
6791|1024
6792|1024
6793|1024
6794|1024
6795|1114
6796|873
6797|873
6798|873
6799|895
6800|895
6801|895
6802|903
6803|903
6804|903
6805|903
6806|903
6807|903
6808|903
6809|903
6810|903
6811|902
6812|902
6813|902
6814|902
6815|902
6816|902
6817|902
6818|902
6819|902
6820|902
6821|1295
6822|1100
6823|911
6824|911
6825|911
6826|875
6827|875
6828|875
6829|875
6830|875
6831|875
6832|875
6833|875
6834|892
6835|892
6836|892
6837|892
6838|892
6839|892
6840|892
6841|892
6842|892
6843|879
6844|879
6845|879
6846|879
6847|879
6848|879
6849|879
6850|879
6851|879
6852|879
6853|901
6854|901
6855|901
6856|901
6857|906
6858|906
6859|906
6860|1111
6861|885
6862|885
6863|1142
6864|1078
6865|1078
6866|893
6867|911
6868|911
6869|893
6870|893
6871|893
6872|893
6873|893
6874|893
6875|889
6876|889
6877|889
6878|1421
6879|1002
6880|1114
6881|254
6882|881
6883|880
6884|887
6885|909
6886|897
6887|901
6888|891
6889|897
6890|897
6891|897
6892|897
6893|897
6894|897
6895|887
6896|887
6897|887
6898|887
6899|887
6900|887
6901|910
6902|910
6903|910
6904|910
6905|910
6906|905
6907|905
6908|905
6909|905
6910|905
6911|905
6912|905
6913|905
6914|884
6915|900
6916|900
6917|900
6918|900
6919|891
6920|891
6921|891
6922|891
6923|891
6924|1294
6925|896
6926|896
6927|896
6928|896
6929|884
6930|428
6931|882
6932|898
6933|1288
6934|1116
6935|1116
6936|894
6937|428
6938|907
6939|888
6940|883
6941|908
6942|908
6943|908
6944|878
6945|878
6946|878
6947|878
6948|878
6949|878
6950|878
6951|878
6952|878
6953|878
6954|881
6955|910
6956|910
6957|910
6958|886
6959|886
6960|886
6961|886
6962|883
6963|909
6964|909
6965|909
6966|909
6967|909
6968|909
6969|876
6970|876
6971|876
6972|882
6973|904
6974|904
6975|904
6976|904
6977|904
6978|904
6979|904
6980|904
6981|907
6982|907
6983|1286
6984|881
6985|910
6986|872
6987|428
6988|902
6989|899
6990|899
6991|899
6992|890
6993|890
6994|890
6995|890
6996|890
6997|890
6998|880
6999|880
7000|880
7001|880
7002|884
7003|884
7004|884
7005|894
7006|894
7007|894
7008|894
7009|894
7010|894
7011|1115
7012|1115
7013|1115
7014|878
7015|874
7016|874
7017|874
7018|888
7019|888
7020|888
7021|888
7022|888
7023|888
7024|888
7025|888
7026|888
7027|877
7028|877
7029|877
7030|877
7031|877
7032|877
7033|877
7034|877
7035|877
7036|877
7037|877
7038|877
7039|877
7040|877
7041|872
7042|872
7043|872
7044|1111
7045|1026
7046|882
7047|882
7048|882
7049|882
7050|882
7051|254
7052|254
7053|878
7054|890
7055|903
7056|875
7057|902
7058|899
7059|899
7060|899
7061|899
7062|890
7063|890
7064|890
7065|890
7066|890
7067|890
7068|890
7069|890
7070|890
7071|880
7072|880
7073|880
7074|880
7075|880
7076|880
7077|1175
7078|1175
7079|880
7080|616
7081|616
7082|543
7083|894
7084|894
7085|894
7086|874
7087|874
7088|874
7089|874
7090|874
7091|874
7092|888
7093|888
7094|888
7095|888
7096|888
7097|888
7098|877
7099|877
7100|877
7101|877
7102|877
7103|877
7104|877
7105|877
7106|877
7107|877
7108|877
7109|872
7110|1142
7111|1142
7112|1142
7113|1173
7114|1173
7115|1114
7116|882
7117|882
7118|882
7119|882
7120|882
7121|882
7122|882
7123|1114
7124|1114
7125|1114
7126|540
7127|1425
7128|888
7129|875
7130|889
7131|903
7132|910
7133|908
7134|908
7135|878
7136|878
7137|878
7138|878
7139|878
7140|878
7141|878
7142|878
7143|878
7144|881
7145|881
7146|910
7147|910
7148|254
7149|886
7150|886
7151|886
7152|886
7153|886
7154|886
7155|886
7156|886
7157|883
7158|883
7159|883
7160|909
7161|909
7162|909
7163|909
7164|909
7165|909
7166|909
7167|876
7168|876
7169|876
7170|876
7171|876
7172|876
7173|904
7174|904
7175|904
7176|904
7177|904
7178|904
7179|904
7180|904
7181|904
7182|904
7183|904
7184|904
7185|907
7186|907
7187|907
7188|907
7189|907
7190|872
7191|881
7192|895
7193|897
7194|897
7195|897
7196|887
7197|887
7198|887
7199|887
7200|887
7201|910
7202|910
7203|910
7204|910
7205|905
7206|905
7207|905
7208|905
7209|905
7210|905
7211|905
7212|905
7213|884
7214|884
7215|884
7216|900
7217|900
7218|900
7219|891
7220|891
7221|896
7222|896
7223|896
7224|896
7225|542
7226|905
7227|428
7228|428
7229|428
7230|882
7231|898
7232|898
7233|898
7234|898
7235|1142
7236|1028
7237|509
7238|911
7239|884
7240|897
7241|897
7242|897
7243|897
7244|897
7245|887
7246|887
7247|887
7248|887
7249|887
7250|887
7251|910
7252|910
7253|910
7254|910
7255|910
7256|910
7257|910
7258|905
7259|905
7260|905
7261|905
7262|905
7263|905
7264|905
7265|905
7266|905
7267|905
7268|905
7269|905
7270|905
7271|884
7272|900
7273|900
7274|900
7275|900
7276|891
7277|891
7278|891
7279|891
7280|891
7281|891
7282|891
7283|896
7284|896
7285|896
7286|896
7287|896
7288|896
7289|1023
7290|1275
7291|1275
7292|428
7293|898
7294|898
7295|898
7296|898
7297|898
7298|893
7299|908
7300|874
7301|874
7302|892
7303|881
7304|254
7305|1351
7306|908
7307|908
7308|878
7309|878
7310|878
7311|878
7312|878
7313|878
7314|878
7315|878
7316|878
7317|878
7318|878
7319|908
7320|615
7321|881
7322|881
7323|881
7324|1175
7325|509
7326|509
7327|886
7328|886
7329|886
7330|886
7331|886
7332|883
7333|883
7334|883
7335|883
7336|883
7337|883
7338|883
7339|909
7340|909
7341|909
7342|909
7343|876
7344|876
7345|876
7346|876
7347|904
7348|904
7349|904
7350|904
7351|904
7352|904
7353|904
7354|904
7355|904
7356|904
7357|904
7358|904
7359|904
7360|904
7361|904
7362|904
7363|907
7364|907
7365|907
7366|907
7367|907
7368|907
7369|907
7370|907
7371|907
7372|881
7373|901
7374|872
7375|899
7376|1115
7377|899
7378|899
7379|899
7380|899
7381|890
7382|890
7383|890
7384|890
7385|890
7386|890
7387|880
7388|880
7389|884
7390|884
7391|894
7392|894
7393|894
7394|894
7395|894
7396|894
7397|894
7398|1115
7399|908
7400|845
7401|874
7402|874
7403|874
7404|874
7405|874
7406|874
7407|874
7408|888
7409|888
7410|888
7411|888
7412|888
7413|888
7414|877
7415|877
7416|877
7417|877
7418|877
7419|877
7420|877
7421|877
7422|877
7423|877
7424|877
7425|872
7426|872
7427|872
7428|872
7429|872
7430|1142
7431|1142
7432|1116
7433|882
7434|1114
7435|1114
7436|1425
7437|1142
7438|1114
7439|910
7440|902
7441|910
7442|1078
7443|875
7444|873
7445|873
7446|873
7447|873
7448|873
7449|895
7450|895
7451|903
7452|903
7453|903
7454|903
7455|903
7456|903
7457|903
7458|903
7459|903
7460|903
7461|903
7462|903
7463|902
7464|902
7465|902
7466|902
7467|1295
7468|1295
7469|911
7470|911
7471|911
7472|875
7473|875
7474|875
7475|875
7476|875
7477|875
7478|875
7479|875
7480|875
7481|875
7482|875
7483|875
7484|892
7485|892
7486|892
7487|892
7488|892
7489|892
7490|892
7491|892
7492|892
7493|892
7494|892
7495|892
7496|892
7497|879
7498|879
7499|879
7500|879
7501|901
7502|901
7503|901
7504|901
7505|901
7506|901
7507|906
7508|906
7509|906
7510|906
7511|906
7512|885
7513|885
7514|885
7515|885
7516|885
7517|885
7518|885
7519|1078
7520|893
7521|893
7522|893
7523|893
7524|893
7525|889
7526|889
7527|889
7528|616
7529|551
7530|827
7531|909
7532|608
7533|873
7534|873
7535|873
7536|873
7537|873
7538|873
7539|873
7540|895
7541|895
7542|895
7543|895
7544|895
7545|895
7546|903
7547|903
7548|903
7549|903
7550|903
7551|903
7552|902
7553|902
7554|911
7555|911
7556|1142
7557|875
7558|875
7559|875
7560|875
7561|875
7562|875
7563|875
7564|875
7565|875
7566|875
7567|875
7568|875
7569|875
7570|875
7571|892
7572|892
7573|892
7574|892
7575|892
7576|892
7577|892
7578|892
7579|892
7580|892
7581|892
7582|879
7583|879
7584|879
7585|879
7586|879
7587|879
7588|901
7589|901
7590|901
7591|901
7592|901
7593|906
7594|906
7595|1111
7596|1111
7597|1111
7598|885
7599|885
7600|885
7601|885
7602|1078
7603|1078
7604|893
7605|254
7606|893
7607|893
7608|893
7609|893
7610|893
7611|889
7612|889
7613|889
7614|889
7615|889
7616|1421
7617|902
7618|880
7619|906
7620|1363
7621|897
7622|897
7623|897
7624|897
7625|887
7626|887
7627|887
7628|887
7629|887
7630|887
7631|887
7632|887
7633|910
7634|910
7635|910
7636|910
7637|905
7638|905
7639|905
7640|905
7641|905
7642|905
7643|905
7644|905
7645|905
7646|905
7647|905
7648|905
7649|905
7650|905
7651|884
7652|884
7653|884
7654|900
7655|900
7656|900
7657|900
7658|900
7659|900
7660|900
7661|900
7662|900
7663|891
7664|891
7665|891
7666|896
7667|896
7668|896
7669|1144
7670|1142
7671|428
7672|428
7673|428
7674|898
7675|898
7676|898
7677|898
7678|908
7679|898
7680|1425
7681|893
7682|1116
7683|1100
7684|893
7685|899
7686|888
7687|1142
7688|878
7689|908
7690|908
7691|908
7692|878
7693|878
7694|878
7695|878
7696|878
7697|878
7698|984
7699|908
7700|881
7701|881
7702|881
7703|881
7704|1175
7705|886
7706|886
7707|886
7708|883
7709|883
7710|883
7711|909
7712|909
7713|909
7714|909
7715|909
7716|909
7717|876
7718|876
7719|876
7720|904
7721|904
7722|907
7723|907
7724|907
7725|907
7726|428
7727|906
7728|899
7729|899
7730|899
7731|899
7732|899
7733|899
7734|899
7735|890
7736|890
7737|890
7738|880
7739|880
7740|880
7741|880
7742|564
7743|884
7744|884
7745|894
7746|894
7747|894
7748|894
7749|894
7750|894
7751|894
7752|894
7753|1115
7754|1115
7755|1115
7756|1115
7757|845
7758|874
7759|888
7760|888
7761|888
7762|888
7763|888
7764|877
7765|877
7766|877
7767|877
7768|877
7769|877
7770|877
7771|877
7772|877
7773|877
7774|877
7775|877
7776|877
7777|877
7778|877
7779|877
7780|877
7781|872
7782|872
7783|872
7784|872
7785|882
7786|254
7787|254
7788|254
7789|1114
7790|1114
7791|873
7792|873
7793|873
7794|873
7795|873
7796|873
7797|895
7798|895
7799|895
7800|903
7801|903
7802|902
7803|902
7804|1295
7805|551
7806|911
7807|911
7808|911
7809|911
7810|875
7811|875
7812|875
7813|875
7814|875
7815|875
7816|875
7817|875
7818|892
7819|892
7820|892
7821|892
7822|892
7823|892
7824|892
7825|892
7826|892
7827|892
7828|879
7829|879
7830|879
7831|879
7832|879
7833|879
7834|901
7835|901
7836|901
7837|901
7838|906
7839|906
7840|906
7841|906
7842|128
7843|1275
7844|885
7845|885
7846|885
7847|885
7848|885
7849|885
7850|1078
7851|893
7852|893
7853|893
7854|893
7855|893
7856|893
7857|889
7858|889
7859|889
7860|889
7861|889
7862|889
7863|905
7864|900
7865|880
7866|906
7867|553
7868|553
7869|553
7870|1427
7871|1426
7872|1428
7873|1431
7874|1429
7875|1426
7876|1426
7877|1426
7878|1433
7879|1432
7880|1432
7881|890
7882|740
7883|1430
7884|1426
7885|1426
7886|740
7887|1351
7888|1351
7889|1426
7890|1426
7891|1430
7892|916
7893|916
7894|916
7895|945
7896|947
7897|947
7898|947
7899|916
7900|923
7901|937
7902|947
7903|947
7904|940
7905|916
7906|916
7907|916
7908|916
7909|916
7910|941
7911|943
7912|924
7913|916
7914|916
7915|922
7916|922
7917|917
7918|947
7919|947
7920|947
7921|947
7922|947
7923|947
7924|947
7925|947
7926|947
7927|947
7928|947
7929|947
7930|947
7931|947
7932|947
7933|916
7934|916
7935|554
7936|554
7937|554
7938|554
7939|1437
7940|1434
7941|1442
7942|1442
7943|1438
7944|1443
7945|1442
7946|1439
7947|1436
7948|1441
7949|1442
7950|1446
7951|1451
7952|1452
7953|1447
7954|1449
