:START_ID(Person)|:END_ID(Organisation)|workFrom:INT
933|1226|2013
933|1227|2013
933|1230|2013
1129|1189|2004
1129|395|2004
1129|397|2004
2199023256684|553|2008
4398046512167|261|2007
4398046512167|281|2005
4398046512167|283|2006
4398046512167|284|2007
6597069767117|819|2007
6597069767117|820|2007
6597069767117|822|2008
6597069767117|823|2007
17592186045684|909|2002
21990232556027|10|2008
21990232556027|11|2008
21990232556585|895|2000
24189255812290|800|2009
24189255812290|784|2005
24189255812290|801|2008
24189255812290|807|2009
26388279066636|296|2009
26388279066636|298|2010
28587302322727|1461|2003
28587302322727|1497|2003
30786325578904|657|2012
2199023256181|761|2012
2199023256181|553|2008
4398046511870|936|2009
4398046511870|923|2009
4398046511870|911|2010
6597069766983|838|2005
19791209300372|452|2007
19791209300372|484|2007
19791209300372|488|2008
26388279067350|915|2009
26388279067350|916|2009
26388279067350|935|2009
26388279067350|936|2009
26388279067350|908|2009
26388279068275|209|2011
28587302322873|337|2001
28587302322873|341|2000
28587302322873|344|2000
30786325578788|464|2009
30786325578788|451|2001
30786325578788|444|2009
30786325578788|477|2009
32985348834675|907|2010
8796093023143|1297|2008
8796093023143|1300|2008
8796093023143|1301|2009
8796093023461|480|2000
8796093023461|446|2007
13194139533850|107|2004
13194139533850|108|2004
13194139533850|109|2004
15393162789992|545|2002
15393162789992|546|2003
15393162789992|554|2003
15393162789992|543|2003
15393162790562|1250|2004
17592186044504|915|2009
17592186044504|923|2001
17592186044504|927|2003
19791209300058|1558|2003
19791209300058|1559|2003
21990232556714|555|2004
21990232556714|575|2004
28587302322741|145|1998
28587302322741|182|1999
28587302322741|135|1999
28587302322741|185|2000
32985348833558|481|2009
32985348833558|454|2009
32985348833558|455|2008
32985348833558|456|2009
4398046512764|592|2003
4398046512764|600|2004
4398046512764|601|2008
4398046512764|602|2003
4398046512764|605|2011
6597069766961|864|2004
6597069766961|865|2003
6597069766961|866|2004
8796093022641|723|2005
8796093022641|1559|2005
8796093022641|1560|2006
8796093022641|1561|2005
8796093023138|1013|2000
8796093023138|1021|2002
8796093023138|1022|1998
15393162789410|1073|2005
15393162789410|1058|2009
15393162789410|1087|2007
19791209301403|1472|2005
19791209301403|1477|2004
19791209301403|1494|2004
19791209301403|1463|2005
19791209301403|1512|2005
19791209301577|576|2003
19791209301577|580|2004
19791209301577|559|2005
21990232555940|936|2001
21990232555940|283|2000
24189255811398|1011|2005
24189255811398|265|2004
24189255811398|286|2005
24189255811398|271|2006
28587302322686|296|2005
28587302322686|297|2005
28587302322686|298|2004
30786325579136|7|2008
30786325579136|11|2009
32985348833849|944|2003
32985348833849|948|2002
32985348833849|942|2003
4398046511463|179|2001
4398046511463|138|2001
4398046511463|157|2000
4398046512636|165|2005
4398046512636|154|2004
6597069766695|1093|2007
6597069766695|1095|2007
6597069766695|1047|2007
6597069766695|1083|2007
6597069767625|1557|1999
6597069767625|1560|2001
6597069767625|1561|2001
8796093022467|259|2010
8796093022467|887|2011
8796093022467|888|2011
8796093022467|889|2010
13194139533332|776|2011
13194139533589|352|2001
13194139533589|363|2002
13194139533589|364|2010
13194139533589|349|2005
24189255811694|770|2006
24189255811694|761|2006
24189255811694|765|2007
24189255811694|766|2007
24189255812103|788|2010
24189255812103|806|2012
24189255812103|798|2010
24189255812103|782|2012
30786325577960|659|2001
30786325577960|646|2000
30786325577960|647|1999
30786325577960|636|1999
30786325578795|672|2001
30786325578795|675|2011
30786325578795|676|2010
30786325578795|664|2011
30786325579035|1010|1998
30786325579035|535|2000
30786325579035|537|2000
32985348834262|33|2002
32985348834262|24|2001
32985348834262|26|2002
32985348834262|28|2000
32985348834262|524|2002
32985348834823|258|2002
32985348834823|259|2003
65|758|2008
2199023255981|1088|2005
2199023255981|1041|2009
2199023256530|195|2005
2199023256530|201|2005
2199023256530|202|2007
2199023256530|204|2005
10995116278915|933|2007
10995116278915|936|2006
10995116278915|923|2007
10995116278915|909|2007
10995116278915|926|2007
15393162789569|1323|2010
15393162789569|1324|2010
17592186045981|725|2001
17592186045981|717|2000
19791209300474|1558|2001
19791209300739|912|2008
19791209300739|931|2009
19791209300739|935|2008
19791209301463|302|2003
21990232556180|1296|2004
21990232556180|1299|2005
21990232556180|1302|2005
21990232556180|1338|2005
26388279068269|929|2009
26388279068269|931|2010
26388279068269|934|2010
26388279068269|590|2010
26388279068269|927|2010
28587302322281|544|2010
28587302322281|538|2007
28587302322281|862|2006
28587302322281|542|2008
32985348833679|1175|2008
32985348833679|1177|2008
32985348833686|864|2005
32985348833686|147|2005
32985348833686|181|2004
32985348833686|150|2004
1219|515|2009
1219|501|2010
1219|492|2011
1219|508|2009
1219|493|2011
8796093022290|706|2003
8796093022290|810|2003
8796093022290|811|2003
8796093022290|812|2004
8796093023634|919|2003
8796093023634|923|2004
8796093023634|927|2003
15393162789560|542|2011
17592186044568|927|2009
19791209300796|139|1998
19791209300796|156|1998
19791209300796|175|2000
21990232557176|1322|2003
30786325578784|1317|2001
30786325578784|922|2002
30786325578784|908|2001
30786325578784|926|2003
2199023255747|548|2008
2199023255747|1238|2007
2199023255747|552|2006
2199023255747|554|2006
8796093023215|1004|2007
8796093023215|1007|2007
13194139533648|544|2001
13194139533648|546|2002
13194139533648|548|2002
13194139533912|461|2008
13194139534520|180|2003
13194139534520|165|2004
13194139534520|149|2002
17592186045646|1520|2003
17592186045646|1489|2004
17592186045646|1492|2003
17592186045646|1526|2003
28587302322718|399|2005
30786325578724|680|2002
30786325578724|670|2010
30786325579394|888|2010
30786325579394|889|2009
30786325579394|893|2010
30786325579394|895|2009
2199023256405|544|2008
2199023256405|545|2006
2199023256405|553|2007
2199023256919|562|2004
2199023256919|559|2003
6597069768005|963|2012
6597069768005|964|2012
6597069768005|951|2013
6597069768005|958|2012
10995116278292|450|2011
10995116279272|672|2003
10995116279272|680|2004
13194139534836|801|2009
13194139534836|786|2009
13194139534836|804|2009
13194139534836|807|2008
19791209301138|913|2008
19791209301138|918|2011
19791209301138|910|2012
21990232555627|708|2000
21990232555627|712|2012
21990232555627|697|2002
21990232555627|713|2011
24189255812755|257|2001
28587302322627|961|2009
28587302322627|965|2008
28587302322627|968|2010
28587302322627|955|2008
28587302322627|956|2009
893|914|2008
893|916|2009
893|907|2009
893|924|2009
893|909|2008
2199023256689|535|2009
2199023256689|537|2006
6597069767495|967|2012
6597069767495|952|2012
10995116277924|468|2002
10995116277924|470|2000
10995116277924|479|2002
13194139534927|670|2004
19791209300852|918|2012
19791209300852|934|2010
19791209300852|938|2011
19791209300852|911|2008
21990232555895|81|2002
21990232555895|1122|2002
21990232555895|1557|2002
21990232555895|1561|2002
21990232556476|948|2012
21990232556476|940|2010
21990232556476|943|2011
32985348833559|1561|2009
4398046512267|1117|2004
4398046512578|1206|2006
4398046512578|987|2005
4398046512578|991|2007
6597069767747|642|2009
6597069767747|1527|2008
6597069767747|41|2008
6597069767747|1375|2009
6597069767747|751|2007
8796093023613|1172|2004
8796093023613|249|2005
8796093023613|1164|2004
10995116278281|594|2004
10995116278281|601|2004
10995116278453|1513|2009
10995116278453|1499|2008
10995116278453|1534|2008
10995116278785|1361|2007
10995116278785|1365|2006
13194139534569|1568|2007
13194139534569|1567|2006
13194139534853|893|2001
15393162789349|1349|2008
15393162789349|1350|2011
15393162789349|1340|2012
15393162789349|1342|2008
15393162789349|1327|2009
19791209300631|550|2004
19791209300631|542|2005
19791209301229|608|2001
19791209301229|178|2000
19791209301229|166|2000
19791209301229|174|2001
19791209301229|142|2001
28587302323655|97|2010
28587302323655|82|2010
28587302323655|91|2010
28587302323655|93|2011
30786325578056|1321|2006
30786325578056|1322|2009
30786325578056|1325|2004
30786325579148|1471|2007
1434|977|2005
1434|971|1999
1434|974|2006
4398046511628|1013|2004
4398046511628|1021|2004
13194139533792|957|2007
13194139534257|146|2008
19791209300124|1378|2004
19791209300124|1351|2004
19791209300124|1369|2004
19791209300124|1356|2005
24189255811862|323|2005
24189255811862|310|2006
24189255811862|312|2006
24189255811862|313|2006
24189255812574|961|2002
30786325578144|810|2000
30786325578144|812|2000
30786325578144|813|1999
2199023255869|864|2002
2199023255869|866|2001
2199023255869|771|2002
4398046512637|1521|2006
4398046512637|1458|2005
4398046512637|1479|2005
4398046512637|1529|2006
4398046512637|1470|2005
8796093022386|770|2009
8796093023506|887|2001
8796093023506|895|2002
13194139533523|502|2007
13194139533523|214|2009
13194139534332|549|2011
13194139534332|553|2012
13194139534332|542|2009
15393162788865|496|2008
15393162788865|514|2007
15393162788865|293|2008
17592186044605|931|2009
17592186044605|919|2008
17592186044605|906|2009
17592186044605|1117|2009
17592186044605|685|2008
24189255811103|448|2003
24189255811103|459|2002
24189255811103|462|2002
24189255811719|966|2008
24189255811719|399|2007
24189255811782|1|2007
24189255811782|1001|2007
24189255811782|1002|2008
24189255812105|935|2003
24189255812105|1560|2003
26388279066717|21|2008
26388279066717|30|2007
26388279066717|31|2008
26388279067671|1527|2001
28587302323020|128|2010
28587302323020|1560|2011
28587302323020|1561|2010
2199023256300|195|2012
2199023256300|196|2004
2199023256300|198|2002
2199023256300|200|2005
2199023256300|201|1999
6597069768050|913|2008
6597069768050|930|2008
6597069768050|915|2008
6597069768050|910|2008
8796093022392|1559|2001
8796093022392|1560|2001
8796093022392|1561|2002
10995116278554|912|2012
10995116278554|935|2010
10995116278554|921|2009
10995116278554|922|2008
10995116278570|932|2004
10995116278570|917|2004
10995116278570|936|2007
10995116278570|937|2003
10995116278570|905|2010
13194139534384|1569|2009
13194139534384|1571|2008
13194139534384|1573|2008
15393162790101|1002|2007
15393162790101|827|2007
17592186045074|546|2008
17592186045074|553|2009
19791209301454|706|2010
19791209301454|711|2010
19791209301454|712|2010
21990232556497|1176|1999
30786325578670|965|2008
30786325578670|951|2008
30786325578670|956|2008
32985348834776|932|2006
32985348834776|908|2006
32985348834776|927|2004
1103|1332|2008
1103|1333|2012
1103|1335|2002
1103|1338|2003
1103|1326|2000
2199023256363|962|2000
2199023256363|949|2000
2199023256363|967|1999
2199023256363|958|1999
4398046511937|880|2000
4398046511937|811|2000
4398046511937|813|1999
6597069766725|676|2000
6597069766725|677|2000
6597069766725|680|2002
6597069766725|668|2001
6597069767686|122|2006
6597069767686|124|2007
6597069767686|127|2005
10995116277820|482|2010
10995116278238|1096|2010
10995116278238|1085|2009
13194139534816|0|2008
13194139534816|5|2009
13194139534982|150|2007
13194139534982|159|2007
17592186045360|470|2002
17592186045360|463|2001
19791209301201|358|2004
19791209301201|359|2004
19791209301201|360|2003
19791209301201|347|2003
21990232557038|906|2000
21990232557038|924|2001
21990232557038|908|2000
21990232557038|926|2000
24189255811654|964|2006
24189255811654|953|2000
24189255811654|955|2005
24189255811940|538|2001
26388279067627|768|2008
26388279067627|761|2008
26388279067627|762|2007
26388279067627|763|2007
26388279067627|765|2008
28587302322372|532|2003
28587302322372|534|2003
28587302322372|535|2002
32985348834019|893|2007
32985348834019|895|2005
2199023255660|1106|2009
2199023255660|824|2000
2199023255660|827|2005
8796093022634|339|2008
8796093022634|967|2008
8796093022634|952|2007
8796093022634|958|2007
8796093023519|945|2003
8796093023519|948|2003
8796093023519|943|2002
15393162789262|684|2003
21990232556725|912|2005
21990232556725|1552|2004
21990232556725|935|2006
4398046512338|544|2012
10995116278300|930|1998
10995116278300|907|1998
10995116279437|271|2005
15393162789746|600|2009
15393162789923|107|2007
15393162789923|108|2009
15393162789932|1235|1999
15393162790207|1474|2010
15393162790207|1450|2010
15393162790207|1534|2010
17592186044864|912|2003
17592186044864|925|2004
21990232555889|919|2008
24189255811086|593|2002
24189255811086|1011|2002
24189255811086|598|2004
24189255811086|605|2003
26388279067813|770|2009
26388279067813|767|2009
26388279068053|180|2004
26388279068053|181|2004
26388279068053|137|2005
26388279068053|156|2004
26388279068206|160|2004
26388279068206|1254|2004
26388279068206|587|2004
30786325579016|1315|2008
30786325579016|1304|2008
30786325579016|1307|2010
30786325579247|547|2003
30786325579247|549|1999
30786325579247|552|2000
512|912|2005
512|929|2005
512|935|2004
10995116279039|565|2005
10995116279039|568|2003
26388279067512|546|2001
26388279067512|551|2000
26388279067512|554|2002
26388279067512|539|2000
26388279067512|541|2000
26388279067871|929|2002
28587302322515|7|2002
28587302322515|10|2001
28587302323673|817|2012
28587302323673|1176|2012
28587302323673|1177|2011
28587302323673|1180|2012
30786325579003|1408|2009
30786325579003|1425|2009
30786325579003|1396|2008
30786325579003|1401|2009
30786325579003|1419|2007
32985348833314|22|2009
32985348833314|31|2007
407|964|2004
407|966|2006
407|959|2005
1573|737|2003
1573|738|2003
1573|740|2003
1573|745|2003
1573|748|2002
2199023255637|928|2009
2199023255637|913|2008
2199023255637|924|2009
2199023255637|813|2008
4398046511152|832|2011
4398046511152|842|2007
4398046511152|829|2009
4398046512356|932|2006
6597069767067|591|2009
6597069767377|549|2003
6597069767377|541|2003
6597069767708|1117|2001
6597069767708|1118|1999
13194139534593|913|2011
13194139534593|937|2010
13194139534593|911|2010
19791209301284|1380|2012
19791209301284|1351|2010
19791209301284|1353|2004
19791209301284|1359|2011
19791209301529|539|2003
19791209301529|542|2003
19791209301529|543|2004
21990232556166|549|2012
21990232556166|552|2011
21990232556166|542|2011
24189255811234|7|2006
24189255812364|71|2009
24189255812364|58|2010
24189255812364|77|2008
26388279067147|592|2007
26388279067147|597|2007
28587302322809|936|2000
28587302322809|923|1999
28587302322809|925|1998
28587302322809|926|2000
1242|1266|2009
1242|1253|2009
1242|1270|2010
1242|255|2009
4398046511884|573|2007
13194139534382|578|2003
13194139534382|563|2003
13194139534382|565|2003
13194139534382|556|2004
13194139534382|572|2002
13194139534624|913|2006
13194139534624|914|2004
13194139534624|931|2006
13194139534624|919|2010
13194139534624|925|2012
15393162790472|296|2011
15393162790472|297|2010
19791209300151|676|2012
19791209300151|680|2007
19791209300151|681|2011
19791209300151|685|2012
19791209300151|671|2012
19791209301239|930|2009
19791209301239|923|2010
26388279068176|932|1999
26388279068176|933|2000
26388279068176|918|2000
26388279068176|938|2001
26388279068176|1564|1999
26388279068264|540|2009
32985348833887|914|2006
32985348833887|934|2005
32985348833887|909|2006
32985348834919|544|2009
32985348834919|549|2008
32985348834919|538|2008
987|864|2005
987|865|2004
2199023256609|1540|2007
2199023256609|1542|2009
2199023256609|1544|2007
2199023256609|1546|2009
2199023256609|1550|2008
4398046511467|369|2007
4398046512201|291|1998
4398046512201|262|1999
4398046512201|281|1999
4398046512759|865|2006
4398046512759|548|2006
4398046512759|549|2006
4398046512759|539|2005
6597069766938|758|2007
8796093022368|955|2008
8796093022368|956|2007
8796093022368|958|2007
13194139534340|304|2001
13194139534340|551|2003
13194139534340|300|2003
13194139534340|303|2003
15393162790090|1569|2005
15393162790090|1571|2006
19791209300787|944|2006
19791209300787|948|2010
21990232556621|546|2004
21990232556621|552|2005
21990232556621|553|2006
21990232556621|543|2006
24189255811817|544|2008
24189255811817|554|2009
24189255811817|541|2007
24189255811817|543|2008
26388279067771|544|2009
26388279067771|550|2008
26388279067771|554|2009
26388279067771|539|2008
32985348833931|2|2002
32985348833931|4|2003
32985348833931|5|2003
32985348833931|6|2002
32985348834873|416|2005
32985348834873|435|2005
32985348834873|426|2005
32985348834930|549|2012
32985348834930|554|2011
32985348834930|542|2012
32985348834930|543|2011
465|930|1999
465|932|1998
1355|47|2010
2199023257072|288|2000
2199023257072|17|1998
10995116278730|898|2002
10995116278730|931|2001
13194139533817|897|2001
13194139533817|888|2010
13194139533817|894|2010
15393162789401|726|2009
15393162789401|727|2009
15393162789401|717|2010
15393162790400|176|2008
15393162790400|184|2011
15393162790400|136|2005
15393162790400|169|2011
17592186045976|550|2010
17592186045976|551|2002
19791209299993|624|2006
19791209299993|642|2006
19791209299993|630|2006
19791209299993|621|2007
19791209299993|622|2007
24189255811455|961|2010
24189255811455|965|2011
24189255811455|953|2008
24189255811455|957|2010
26388279067532|1298|2009
32985348834013|861|2002
32985348834013|862|2001
8796093022647|721|2003
8796093022647|722|2002
8796093022647|725|2003
8796093022647|717|2002
8796093022909|729|2005
10995116279227|551|2006
10995116279227|552|2007
10995116279227|554|2008
10995116279227|541|2006
15393162789112|1217|2003
15393162789112|1191|2002
15393162789112|1225|2004
17592186045005|904|2007
17592186045005|333|2007
19791209300143|912|2009
21990232556491|914|2007
21990232556491|937|2007
21990232556491|923|2008
21990232556491|927|2008
24189255811746|1297|1999
24189255811746|1298|1999
24189255811746|1299|1998
26388279066738|1557|2011
26388279066738|1561|2011
26388279066989|916|2003
26388279066989|919|2004
26388279066989|937|2004
28587302322553|1313|2005
28587302322553|1303|2005
28587302322565|801|2008
28587302322565|778|2008
28587302322565|781|2007
318|758|2008
318|1118|2009
2199023255558|930|2005
2199023255558|936|2006
2199023255558|921|2006
2199023255558|923|2007
2199023256593|551|2010
2199023256593|541|2012
2199023256593|543|2010
4398046511734|145|2011
4398046511734|146|2010
4398046511734|181|2005
4398046511734|137|2007
4398046511734|155|2011
4398046511962|534|2011
4398046511962|537|2011
4398046512720|892|2005
10995116279125|209|2010
15393162789489|829|2004
17592186045739|540|2008
17592186045739|541|2008
17592186045739|669|2008
17592186045739|542|2007
21990232555586|544|2001
21990232555586|552|2001
21990232555586|553|1999
21990232556826|938|2010
21990232556900|989|2010
24189255811155|1089|2005
24189255811155|1057|2004
24189255811155|1098|2005
24189255811155|1101|2005
24189255812662|669|2012
238|1345|2005
238|1327|2004
238|1343|2003
2199023256277|1233|2007
2199023256277|1234|2007
2199023256277|767|2006
4398046512603|665|2008
4398046512603|667|2007
4398046512603|671|2007
6597069768305|1250|2003
28587302323431|640|2005
28587302323431|580|2005
28587302323431|564|2005
28587302323431|582|2005
28587302323431|557|2005
4398046512221|534|2002
4398046512568|675|2006
4398046512568|676|2011
4398046512568|682|2010
4398046512568|667|2008
4398046512737|1042|2006
4398046512737|1107|2006
4398046512737|1077|2005
4398046512737|1095|2006
4398046512737|1051|2005
4398046512766|657|2011
4398046512766|1077|2012
4398046512766|1071|2011
4398046512766|1103|2011
6597069766693|914|2011
6597069766693|915|2004
6597069766693|937|2006
6597069766846|6|1999
8796093022325|114|2007
8796093022325|118|2006
8796093022325|111|2005
10995116278031|474|2002
10995116278234|548|2002
13194139534185|407|2010
15393162788922|766|2007
21990232555934|552|2004
21990232555934|540|2004
24189255811099|980|2008
28587302323642|545|2008
28587302323642|549|2009
28587302323642|539|2008
28587302323642|543|2008
1148|296|2009
1148|297|2009
1148|298|2008
2199023256298|402|2009
2199023256298|116|2006
2199023256298|104|2005
2199023256298|315|2003
2199023256298|830|2003
8796093022938|539|2007
8796093022938|540|2006
8796093023577|459|2005
8796093023577|445|2005
8796093023577|478|2004
10995116278264|549|2002
10995116278320|1321|1999
10995116278320|1322|2001
10995116278320|1324|2002
10995116278320|717|2011
19791209300463|912|2010
19791209300463|932|2012
19791209300463|909|2011
19791209300463|927|2011
24189255811315|1335|2002
24189255811315|1341|2000
24189255811315|1326|2003
28587302322250|538|2006
28587302322250|554|2006
28587302322250|541|2006
28587302322250|543|2007
4398046511779|1562|1999
4398046511779|1565|2000
4398046511779|1566|2000
6597069768087|894|2002
8796093023560|550|2000
8796093023560|551|2003
8796093023560|554|2007
8796093023560|540|2011
13194139533584|546|2007
13194139533584|547|2007
13194139533584|550|2007
13194139534279|962|2010
13194139534279|950|2010
19791209300882|989|2009
28587302322247|1117|2002
28587302322247|1118|2002
35184372090192|887|2002
35184372090192|893|2002
35184372090192|894|2002
35184372090192|895|2002
1079|891|2003
1079|893|2004
6597069767061|930|2003
10995116279167|1569|2006
10995116279167|1573|2007
13194139533505|937|2010
15393162789987|1557|2007
15393162789987|1558|2009
15393162789987|1561|2007
17592186044868|916|2003
17592186044868|936|2004
17592186044868|922|2004
21990232556482|935|2011
21990232556482|910|2009
24189255811254|1349|2008
24189255811254|1327|2009
32985348833548|1570|2001
32985348833548|710|2001
6597069766659|1056|2004
6597069766659|1075|2004
6597069766659|1034|2004
6597069766659|1070|2003
13194139534578|538|2009
13194139534578|540|2008
13194139534578|541|2005
17592186044857|908|2009
26388279068186|487|2010
26388279068186|445|2011
32985348833865|935|2009
32985348833865|920|2012
32985348833865|927|2012
32985348833890|1568|2003
32985348833890|773|2004
32985348833890|56|2004
32985348833890|1567|2003
32985348834053|1491|2005
32985348834053|1463|2009
32985348834053|1464|2008
32985348834053|1531|2006
1222|721|2006
1222|722|2007
2199023256437|486|2002
2199023256437|459|2003
2199023256437|445|2002
4398046511424|1477|2007
4398046511424|1518|2009
4398046512376|226|2010
4398046512376|214|2010
4398046512376|233|2011
8796093023133|32|2003
8796093023133|27|2002
10995116277765|1139|2009
10995116277765|597|2009
10995116277765|814|2010
15393162789983|928|2003
15393162789983|934|2002
15393162789983|935|2001
21990232556010|545|2002
21990232556010|553|2003
21990232556010|542|2002
21990232556299|568|2008
21990232556299|571|2009
21990232556299|555|2002
21990232556299|557|2011
21990232556299|575|2009
26388279067358|932|2004
26388279067551|548|2001
26388279067551|549|2002
28587302323281|1177|2009
28587302323281|1178|2008
28587302323281|1179|2009
30786325578988|1154|2012
30786325578988|1151|2012
35184372089323|177|2010
35184372089323|179|2009
35184372089323|164|2008
35184372089323|138|2009
35184372089323|157|2008
4398046511587|53|2011
4398046511587|57|2011
4398046511587|45|2011
4398046511587|78|2010
6597069767415|1568|2007
6597069767415|933|2008
13194139533834|548|2002
13194139533834|553|2004
13194139533834|540|2002
15393162789604|574|2012
17592186045572|241|2011
17592186045572|225|2012
17592186045572|213|2011
17592186045572|246|2011
17592186045862|917|2003
17592186045862|918|2003
21990232555611|1177|2003
21990232556897|1564|2002
28587302322294|426|2001
28587302322294|413|2001
30786325577752|917|2009
30786325577752|919|2012
30786325577752|937|2005
30786325577752|938|1999
30786325577752|906|2005
30786325578617|961|2004
30786325578617|956|2004
976|551|2009
2199023256236|931|2008
2199023256236|927|2009
4398046512573|578|2011
4398046512573|580|2010
6597069766733|465|2006
8796093023679|549|2006
13194139533391|984|2000
13194139533391|985|2001
19791209300178|928|2006
19791209300178|918|2005
19791209300178|920|2005
19791209300178|924|2004
24189255811227|1117|2010
24189255811227|1118|2010
24189255812053|1026|2010
24189255812053|341|2006
24189255812053|890|2012
26388279066936|928|2006
26388279066936|913|2006
26388279066936|918|2005
26388279066936|921|2007
26388279066936|926|2005
1184|1219|2005
1184|1192|2007
2199023256427|546|2003
8796093022983|928|2003
8796093022983|906|2004
8796093022983|925|2004
15393162789228|1145|2010
15393162789228|1163|2011
15393162790096|1490|2005
15393162790096|1465|2005
17592186045945|758|2008
19791209300595|888|2000
24189255812629|931|2006
24189255812629|934|2006
24189255812629|925|2007
26388279067560|980|1999
26388279067560|758|2000
26388279067849|149|2012
26388279067849|151|2009
26388279068195|139|2004
28587302323577|106|2009
28587302323577|107|2008
30786325579330|465|2008
30786325579330|458|2010
2199023256031|257|2009
2199023256031|259|2009
2199023256031|903|2011
2199023256742|928|2010
2199023256742|932|2008
2199023256742|906|2005
2199023256742|909|2004
4398046511757|1316|2002
6597069766678|671|2006
6597069766944|597|2001
6597069766944|599|2001
6597069766944|604|2001
6597069766944|591|2002
8796093023522|1568|2004
8796093023522|579|2005
8796093023522|568|2005
8796093023522|587|2005
8796093023866|1568|2006
8796093023866|1567|2007
10995116278142|206|2002
15393162790221|430|2004
17592186044551|544|2005
17592186044551|546|2006
17592186044551|539|2005
17592186044551|543|2005
21990232555851|352|2010
21990232555851|353|2010
21990232555851|365|2010
28587302322760|273|2005
28587302322760|1029|2006
28587302322760|1095|2006
28587302322760|1055|2006
30786325579063|442|2005
32985348834735|290|2000
32985348834735|275|1999
32985348834735|279|2000
32985348834735|267|2000
32985348834735|270|2000
454|482|2008
2199023256576|547|2010
2199023256576|552|2010
2199023256576|539|2011
2199023256576|542|2010
4398046512306|930|2003
4398046512306|933|2002
4398046512306|920|2002
6597069766821|547|2011
6597069766821|539|2010
8796093022611|914|2004
8796093022611|937|2005
8796093022611|922|2005
8796093022611|911|2005
8796093023897|914|2010
8796093023897|908|2006
8796093023897|924|2003
10995116279144|758|2004
15393162789514|546|2001
15393162789514|550|2002
15393162789514|551|2001
15393162789514|542|2002
24189255811574|259|2010
24189255811574|254|2009
26388279067708|930|2012
26388279067708|916|2011
26388279067708|918|2011
28587302323296|582|2004
28587302323296|567|2003
28587302323296|299|2003
28587302323296|572|2003
35184372089375|306|2005
35184372089375|299|2005
35184372089375|300|2004
35184372089375|303|2004
94|544|2001
94|553|2000
94|543|2001
1182|545|2005
1182|551|2004
1182|553|2006
1182|538|2005
2199023255922|545|2006
2199023255922|547|2006
2199023255922|552|2006
4398046511596|912|2008
4398046511596|935|2008
4398046511596|907|2012
8796093022661|544|2007
8796093022661|548|2005
8796093022661|551|2008
8796093022887|1297|2005
8796093022887|914|2005
8796093022887|915|2005
8796093022887|925|2006
15393162789219|723|2007
15393162789219|724|2008
15393162789219|717|2008
15393162789219|718|2008
17592186044425|103|2005
19791209299984|971|2008
24189255811381|1228|2004
24189255811677|1233|2003
24189255811677|836|2003
24189255811677|1081|2003
24189255811677|841|2003
24189255811677|843|2003
24189255812374|208|2004
24189255812374|205|2004
24189255812374|206|2004
24189255812374|207|2005
26388279067047|706|2003
26388279067047|709|2004
26388279067047|712|2004
26388279067047|699|2004
26388279067047|702|2003
28587302322631|1143|2004
28587302322631|1163|2005
28587302323591|896|2008
28587302323591|888|2008
28587302323591|892|2008
28587302323591|895|2007
32985348834107|129|2012
1509|809|2007
1509|811|2006
1509|813|2007
8796093022410|1174|2007
8796093022410|1175|2007
8796093022410|1177|2006
8796093022928|917|2010
8796093022928|910|2011
8796093022928|911|2011
8796093023539|832|2005
8796093023539|833|2008
10995116278291|464|2005
17592186045096|959|2004
19791209301540|548|2004
19791209301540|774|2005
19791209301540|551|2003
19791209301540|542|2004
26388279066869|1001|2003
30786325578057|1296|2001
30786325578057|1297|2001
30786325578057|1298|2001
30786325578057|1300|2001
30786325578676|306|2003
30786325578676|1004|2003
30786325578676|300|2003
30786325578676|302|2004
32985348833313|134|2003
32985348833313|8|2004
32985348833313|11|2002
1161|920|2011
2199023256388|178|2009
2199023256388|179|2008
2199023256388|170|2009
4398046511684|1324|2009
8796093022963|1329|2010
8796093022963|915|2005
8796093022963|919|2007
8796093022963|925|2006
13194139534916|1378|2001
13194139534916|1364|2000
13194139534916|1383|2001
13194139534916|1354|2001
13194139534916|1386|2001
17592186045093|896|2005
17592186045093|895|2005
17592186045382|305|2009
17592186045382|1562|2010
19791209300004|549|2006
19791209301332|808|2008
24189255811358|893|2010
24189255811358|895|2003
24189255811643|209|2010
24189255811643|207|2010
24189255812756|551|2007
24189255812756|552|2007
24189255812756|554|2007
24189255812756|542|2006
26388279066791|547|2001
26388279066791|549|2006
26388279066791|539|2001
26388279066791|1133|2003
32985348833995|545|2008
32985348833995|553|2009
32985348833995|554|2009
32985348834329|468|2008
32985348834329|485|2009
32985348834329|443|2008
459|825|2005
459|827|2005
2199023255663|909|2006
8796093022665|1040|2007
8796093022665|1106|2012
8796093022665|1084|2006
8796093022665|1036|2012
19791209300851|933|2002
21990232556472|888|2009
21990232556472|889|2008
21990232556472|893|2009
21990232557143|550|2006
21990232557143|542|2004
26388279067585|1016|2005
26388279067585|1018|2006
26388279067669|177|2002
26388279067669|148|2002
26388279067669|181|2001
26388279067669|167|2002
28587302323441|708|2008
28587302323441|711|2007
28587302323441|715|2007
28587302323441|700|2008
28587302323592|296|2008
28587302323592|298|2008
28587302323592|781|2010
28587302323606|546|2003
28587302323606|550|2004
28587302323606|553|2003
30786325578513|824|2009
30786325578513|826|2008
30786325579109|739|2009
2199023255936|101|2012
2199023255936|104|2001
2199023255936|105|2011
2199023257206|352|2008
2199023257206|369|2008
2199023257206|353|2009
2199023257206|358|2010
2199023257206|366|2009
10995116278396|887|2002
10995116278396|936|2003
10995116278396|907|2003
13194139534668|1016|2006
13194139534668|1018|2006
13194139534668|1019|2005
15393162788906|9|2012
15393162788906|11|2004
15393162790062|824|2011
15393162790062|825|2011
19791209300081|544|2003
19791209300081|538|2003
19791209300081|541|2002
21990232555683|368|2010
21990232555683|355|2006
21990232555683|357|2008
21990232555683|358|2007
21990232555683|367|2011
250|552|2002
250|553|2003
1490|1480|2007
2199023256552|1016|2007
2199023256552|1019|2006
2199023256552|1022|2007
2199023256566|560|2003
2199023256566|577|2004
2199023256566|571|2004
2199023256566|575|2005
4398046512194|787|2007
4398046512194|804|2007
4398046512194|791|2008
4398046512194|543|2008
4398046512521|9|2009
4398046512521|10|2007
4398046512521|11|2009
6597069767184|768|2010
6597069767184|785|2010
6597069767184|786|2009
6597069767184|787|2010
6597069767184|804|2009
8796093022445|935|2002
8796093022445|905|2002
8796093022445|906|2002
8796093022445|923|2002
8796093023000|907|2007
8796093023000|924|2009
8796093023907|673|2008
8796093023907|679|2007
8796093023907|680|2008
8796093023907|664|2007
8796093023907|666|2007
10995116277907|543|2004
19791209300443|1104|2000
19791209300443|1072|2005
19791209300443|1048|2009
26388279067472|450|2007
26388279067472|454|2008
26388279067472|442|2007
26388279067472|475|2007
26388279067478|912|2007
26388279067478|914|2007
26388279067478|911|2007
28587302322753|864|2007
28587302322753|865|2007
28587302322753|866|2008
28587302323054|993|2004
28587302323054|986|2003
1690|818|2007
2199023255855|196|2008
4398046512206|255|2002
4398046512532|1558|2012
4398046512532|1559|2012
4398046512532|1560|2012
8796093022582|176|2004
10995116279328|1393|2007
10995116279328|1399|2007
10995116279328|1418|2006
13194139534652|147|2004
13194139534652|148|2004
13194139534652|166|2003
13194139534652|155|2004
15393162790347|400|2011
15393162790347|399|2010
17592186045896|470|2010
19791209300483|897|1999
19791209300483|887|1999
19791209300483|894|2001
19791209300483|895|2001
21990232555834|966|2002
24189255811275|920|2005
24189255811275|924|2005
24189255811275|925|2005
28587302322286|1475|2008
28587302322286|1476|2007
28587302322286|1512|2009
28587302322286|1480|2008
28587302322286|1498|2008
30786325578088|544|2004
30786325578088|547|2003
30786325578088|539|2004
30786325578088|541|2003
1050|104|2006
1050|105|2007
2199023257063|322|2002
2199023257063|313|2003
2199023257063|317|2003
8796093022749|562|2008
8796093022749|566|2011
8796093022749|570|2009
8796093022749|555|2009
8796093022749|572|2010
8796093022789|272|2011
8796093022789|909|2012
13194139533984|832|2009
13194139533984|835|2000
13194139533984|838|2006
13194139533984|842|2001
13194139533984|829|2002
13194139534154|546|2011
13194139534154|550|2008
13194139534154|539|2004
15393162789529|551|2011
15393162789529|552|2011
15393162789529|554|2012
19791209300405|1017|2002
19791209300405|1019|2002
19791209300405|1021|2001
24189255812765|533|2007
24189255812765|536|2006
24189255812765|537|2007
28587302323035|546|2007
28587302323035|552|2007
28587302323035|543|2008
30786325578292|570|2004
30786325578525|924|2010
32985348834092|1013|2008
32985348834092|1017|2007
32985348834092|1020|2006
32985348834092|1021|2007
32985348834092|1022|2008
6597069767013|1557|2011
6597069767013|1558|2011
6597069767013|1559|2010
6597069767013|1561|2011
6597069767300|960|2009
6597069767300|963|2010
6597069767300|964|2008
6597069767300|968|2009
6597069767300|959|2009
10995116279006|915|2008
19791209301374|962|2009
19791209301374|951|2005
19791209301374|958|2010
21990232556141|1557|2002
21990232556141|1558|2002
26388279066868|1552|2000
26388279066868|1547|2000
26388279066868|1548|2001
26388279067952|913|2003
26388279067952|920|2008
28587302322499|758|2006
32985348834867|1569|2009
32985348834867|1573|2010
1481|679|2010
1481|665|2010
1481|666|2008
1481|667|2010
6597069768129|1377|2002
6597069768129|805|2002
6597069768129|807|2002
8796093023493|544|2000
8796093023493|549|1999
8796093023493|539|2000
8796093023493|542|2000
13194139534191|930|2007
13194139534191|915|2007
13194139534191|932|2006
13194139534191|728|2006
13194139534191|909|2007
15393162789696|1509|2005
15393162789696|1493|2004
15393162789696|1525|2004
15393162789696|1483|2006
15393162789696|1454|2005
15393162789933|1017|2003
15393162789933|1019|2004
17592186045512|667|2009
17592186045528|678|2006
30786325577992|1255|2007
30786325577992|1261|2007
30786325578060|924|2007
2199023255953|484|2003
6597069767464|554|2006
6597069767464|539|2008
6597069767464|540|2009
8796093022541|498|2008
8796093022541|515|2008
8796093022541|508|2008
8796093022541|509|2008
8796093022541|494|2009
10995116278652|545|2007
10995116278652|550|2008
10995116278652|552|2007
10995116278652|554|2008
10995116278652|542|2008
13194139534354|307|2007
13194139534354|300|2008
15393162789850|1561|2007
17592186044686|355|2000
17592186044686|364|2001
24189255811707|916|2006
24189255811707|934|2004
24189255811707|936|2004
24189255811707|921|2005
24189255812361|949|2006
24189255812361|955|2007
24189255812361|956|2006
26388279067183|547|2006
26388279067183|550|2007
26388279067183|540|2007
26388279068296|187|2009
26388279068296|189|2008
30786325577774|802|2010
30786325577774|781|2010
30786325578794|664|2011
32985348834625|758|2008
1160|1561|2004
1549|547|2003
1549|548|2003
2199023256472|27|2006
10995116278980|155|1999
10995116278980|171|1999
13194139534141|1299|2003
13194139534141|1302|2008
15393162788893|934|2006
15393162788893|911|2005
15393162790510|547|2002
21990232556962|914|2008
21990232556962|915|1998
24189255812639|107|2006
24189255812639|108|2012
26388279066664|166|2007
26388279066664|156|2007
1564|184|2005
1564|154|2006
1564|139|2006
1564|159|2007
1564|143|2007
6597069767433|1573|2001
17592186045334|1296|2007
17592186045334|1297|2007
17592186045334|1299|2005
17592186045334|1300|2007
19791209300020|676|2003
19791209300020|680|2002
19791209301290|681|2009
19791209301290|670|2010
19791209301563|540|2009
21990232555658|962|2002
21990232555658|953|2001
21990232555658|730|2002
21990232555658|959|2002
21990232556469|1557|2007
21990232556469|1559|2007
21990232556469|1560|2008
21990232556469|399|2008
26388279068150|1380|2007
26388279068150|1369|2009
26388279068150|1355|2009
32985348834326|1382|2010
32985348834326|1383|2009
32985348834326|1354|2009
32985348834326|1357|2008
267|560|2005
2199023256097|455|2009
2199023257232|1558|2006
2199023257232|1561|2007
4398046511700|368|1999
4398046511700|352|2010
4398046511700|359|2001
4398046511700|348|2006
4398046511700|367|2005
4398046512162|0|2005
4398046512162|3|2005
6597069767226|546|2005
6597069767226|553|2004
6597069767226|541|2005
10995116277995|561|2006
10995116277995|577|2008
10995116277995|587|2007
10995116277995|556|2007
13194139533366|259|2007
13194139533366|553|2011
13194139533653|550|2004
13194139533653|539|2005
13194139533653|540|2004
15393162789699|554|2007
15393162789699|539|2006
15393162789699|541|2006
17592186045813|912|2004
17592186045813|907|2004
17592186045813|926|2004
19791209300479|864|2007
19791209300479|932|2006
19791209300479|925|2006
26388279068074|931|2010
26388279068074|934|2009
26388279068074|936|2010
26388279068074|910|2011
28587302323193|429|2002
30786325578194|538|2011
32985348834174|1381|2008
32985348834174|1355|2007
32985348834174|1388|2007
32985348834174|1357|2007
2199023255685|705|2008
4398046511822|929|2005
4398046511822|541|2005
4398046511822|910|2006
4398046512548|1104|2010
8796093023034|183|2011
8796093023034|137|2011
10995116277882|553|2004
10995116277882|538|2004
13194139534420|108|2009
13194139534420|109|2011
13194139534938|707|2000
13194139534938|709|2001
13194139534938|186|2001
13194139534938|702|1999
15393162789081|625|2003
15393162789081|630|2004
15393162789081|651|2004
15393162789081|620|2005
15393162789162|1377|2004
15393162789162|820|2004
15393162789162|4|2004
15393162790014|791|2002
15393162790014|794|2002
17592186044691|913|2007
17592186044691|922|2007
17592186044691|925|2006
19791209300326|257|2000
19791209300326|260|2001
28587302322527|677|2004
28587302322527|666|2004
28587302322527|667|2004
30786325579101|1412|2004
30786325579101|1417|2006
30786325579101|1405|2004
939|945|2007
939|947|2007
939|948|2008
939|943|2007
4398046512002|929|2007
4398046512002|916|2008
4398046512002|919|2008
4398046512002|906|2007
6597069768080|945|2012
6597069768080|939|2003
6597069768080|940|2009
6597069768080|942|2011
6597069768080|943|2008
8796093023296|1561|2004
13194139534721|419|2004
13194139534721|420|2004
13194139534721|439|2002
13194139534721|426|2003
13194139534862|513|2008
13194139534862|517|2008
13194139534862|505|2008
13194139534862|495|2009
17592186045891|1305|2002
19791209300973|1488|2002
19791209300973|259|2002
19791209300973|1509|2002
19791209300973|1471|2003
19791209301168|1019|2008
19791209301168|1020|2007
19791209301168|1021|2009
19791209301168|1022|2008
19791209301475|544|2007
19791209301475|546|2007
26388279067086|0|2009
26388279067086|1|2008
26388279067086|3|1999
26388279068081|924|2004
28587302323291|112|2007
28587302323291|114|2007
28587302323291|115|2008
28587302323291|116|2007
30786325579397|1560|2004
32985348833315|896|2011
32985348833315|897|2010
32985348833315|364|2011
32985348833315|895|2010
2199023256456|544|2010
2199023256456|552|2010
2199023256456|553|2010
2199023256456|543|2010
2199023257034|7|2002
2199023257034|11|2001
4398046511117|1331|2010
4398046511117|1348|2011
4398046511117|1326|2006
6597069767551|933|2011
6597069767551|926|2009
6597069767620|547|2002
6597069767620|540|2000
6597069767620|542|2002
10995116279387|479|2008
13194139533433|1383|2006
13194139533859|992|2003
13194139533859|993|2001
13194139533859|990|2002
19791209299986|1153|2002
19791209299986|1166|2002
19791209299986|1151|2003
19791209301132|260|2005
19791209301132|252|2005
19791209301132|253|2004
24189255812045|809|2006
24189255812045|810|2006
24189255812045|811|2007
24189255812045|813|2006
24189255812607|673|2010
24189255812607|667|2010
24189255812607|827|2010
24189255812607|669|2011
28587302322288|544|2006
28587302322288|548|2005
28587302322288|540|2006
28587302322288|543|2007
28587302322763|914|2012
28587302322763|933|2013
28587302322763|917|2012
28587302322763|936|2014
28587302322763|922|2012
30786325578455|984|2010
2199023255760|1567|2000
2199023256718|1555|2005
2199023256718|1549|2004
10995116279193|1001|1999
10995116279193|1002|2000
10995116279270|772|2005
10995116279270|554|2004
15393162789214|864|2008
15393162789214|865|2007
17592186045679|935|2007
17592186045679|938|2007
17592186045679|908|2012
21990232556982|27|2006
28587302322256|892|2003
32985348834536|912|2001
32985348834536|916|2001
32985348834536|910|2001
32985348834575|1117|2008
32985348834575|1118|2012
32985348834937|1218|2004
32985348834937|1212|2004
619|467|2004
619|444|2003
619|463|2003
4398046511667|546|2004
4398046511667|552|2004
4398046511667|539|2004
4398046511667|543|2004
10995116278033|9|2012
10995116278033|10|2004
10995116278033|11|2000
15393162789174|805|2008
15393162789653|810|2000
15393162789653|811|2001
15393162789653|812|2000
15393162789653|813|2001
19791209300068|23|2005
19791209300068|24|2006
19791209300068|27|2006
19791209300507|108|2001
21990232556997|758|2000
24189255812006|539|2009
24189255812685|296|2009
24189255812685|298|2009
28587302323191|544|2009
28587302323191|545|2011
28587302323191|548|2008
28587302323191|549|2008
28587302323191|551|2011
30786325577834|149|2011
30786325577834|136|2010
30786325577834|140|2011
30786325577980|1157|2004
30786325577980|1158|2003
30786325577980|1149|2003
668|428|2004
2199023256178|674|2002
2199023256178|679|2001
2199023256452|34|2002
2199023256452|36|2001
2199023256452|37|2001
2199023256452|56|2001
2199023256893|891|2003
4398046511763|307|1999
4398046511763|299|2000
4398046511763|302|2000
4398046511763|303|2001
10995116278350|4|2006
10995116278350|5|2004
10995116278799|544|2002
10995116278799|546|2002
10995116278799|548|2002
10995116279452|593|2008
10995116279452|595|2011
10995116279452|599|2011
10995116279452|600|2008
10995116279452|591|2010
15393162788965|483|2005
15393162788965|452|2005
15393162788965|453|2005
15393162788965|461|2005
15393162789614|608|2010
17592186044731|819|2004
17592186044731|822|2006
17592186044731|823|2004
19791209301605|562|2008
19791209301605|563|2007
19791209301605|579|2009
19791209301605|587|2009
21990232556886|944|2008
21990232557097|101|2003
21990232557097|102|2002
21990232557097|105|2004
24189255811776|887|2001
26388279067498|1415|2005
26388279067498|1402|2004
26388279067498|1436|2004
26388279067498|1438|2005
26388279067534|144|2010
26388279067534|179|2009
26388279067534|148|2011
26388279067534|903|2010
26388279067534|183|2011
26388279068069|535|2001
26388279068069|536|2000
26388279068069|537|2001
28587302322689|400|2011
28587302322689|1227|2011
28587302322689|399|2010
2199023256233|296|2003
2199023256233|297|2003
2199023256233|298|2003
6597069767575|369|2009
6597069767575|354|2006
6597069767575|358|2012
6597069768070|118|2002
6597069768070|119|2003
6597069768070|111|2002
10995116279159|1528|2007
10995116279159|1485|2007
13194139533331|1569|2008
13194139533331|1573|2008
13194139533331|1574|2008
15393162789760|1559|2000
15393162789760|1561|2000
15393162789760|491|2001
15393162790289|915|2006
15393162790289|917|2002
15393162790289|908|2005
15393162790395|722|2001
21990232555801|930|2006
21990232555801|910|2004
21990232557079|915|2005
21990232557079|923|2006
21990232557079|907|2005
21990232557079|908|2006
21990232557079|926|2005
24189255811887|931|2007
24189255811887|915|2003
24189255811887|921|2001
24189255811922|549|2009
24189255811922|1261|2010
26388279068077|932|2001
26388279068077|933|2001
26388279068077|917|2000
26388279068077|920|2000
26388279068077|908|2000
28587302323661|1001|2008
28587302323661|1002|2004
30786325579222|920|2010
32985348834171|1313|2007
32985348834171|1314|2007
32985348834171|1316|2006
32985348834171|1317|2007
2199023256077|864|2010
2199023256077|865|2009
2199023256077|866|2009
2199023256536|1002|2004
4398046512733|551|2011
4398046512733|553|2012
10995116278757|922|2005
10995116278757|906|2005
10995116278757|925|2005
15393162789953|545|2006
15393162789953|539|2007
15393162789953|540|2006
15393162789953|541|2007
19791209300324|447|2009
19791209301471|385|2011
19791209301471|392|2002
19791209301471|380|2006
19791209301471|383|2002
19791209301519|545|2000
19791209301519|548|2002
19791209301519|551|2000
19791209301519|539|2002
19791209301519|543|2001
26388279067618|548|2003
26388279067618|551|2003
28587302322471|528|2005
28587302322471|525|2006
28587302322471|526|2006
28587302322471|527|2006
30786325577859|673|2003
30786325578258|1235|2010
143|498|2004
4398046512440|394|2003
8796093023893|548|2009
8796093023893|553|2008
8796093023893|538|2008
8796093023893|540|2009
10995116279192|737|2005
10995116279192|539|2006
10995116279192|541|2005
10995116279192|543|2005
15393162789010|760|2007
15393162789010|764|2006
17592186044459|546|2005
17592186044732|1559|2003
17592186044732|1561|2003
17592186044732|346|2003
19791209300831|513|2009
19791209300831|502|2009
19791209300831|491|2009
19791209300831|494|2010
30786325578029|168|2005
30786325578029|137|2005
30786325578029|141|2010
2199023256347|549|2003
2199023256347|539|2004
6597069767572|896|2007
6597069767572|855|2008
6597069767572|887|2007
6597069767572|890|2007
6597069767572|894|2008
8796093023291|716|2011
10995116278184|544|2006
10995116278184|545|2011
10995116278873|800|2004
10995116278873|785|2005
10995116278873|808|2005
15393162789274|135|2000
15393162789274|172|2001
15393162789274|140|2002
15393162790303|540|2009
15393162790411|674|2009
15393162790411|668|2010
15393162790411|670|2009
17592186044897|806|2012
17592186044897|807|2012
17592186044897|799|2003
19791209301286|1013|2007
19791209301286|1016|2008
19791209301286|1017|2008
19791209301286|1020|2007
19791209301286|1022|2006
19791209301294|343|2003
19791209301294|332|2002
19791209301294|334|2003
26388279066931|758|2005
772|1146|2001
772|1162|2008
772|1166|2006
6597069767868|273|2000
6597069767868|277|2001
10995116278636|976|2009
10995116278636|515|2008
17592186045089|1252|2006
19791209300359|450|2011
19791209300359|485|2005
19791209300359|487|2007
19791209300359|460|2009
19791209300359|479|2009
24189255811726|65|2007
24189255811726|51|2007
24189255811726|77|2006
24189255811726|63|2006
24189255812657|914|2005
24189255812657|915|2006
24189255812657|905|2005
24189255812657|923|2006
24189255812657|927|2005
30786325578224|1457|2006
30786325578224|1474|2006
30786325578224|1448|2006
30786325578224|1471|2007
30786325578224|1487|2006
32985348833537|1326|2001
1276|240|2007
1276|242|2007
1276|229|2008
1276|214|2007
1276|230|2008
2199023256520|1146|2005
2199023256520|906|2005
2199023256520|907|2004
2199023256520|923|2004
2199023256520|911|2004
6597069766870|1308|2004
6597069766870|109|2010
10995116278566|818|2012
10995116278566|819|2012
10995116278566|821|2011
10995116278566|823|2013
10995116278566|108|2013
13194139533344|800|2001
13194139533344|784|2001
13194139533344|808|2003
13194139533344|780|2003
13194139534410|297|2009
13194139534410|298|2009
19791209300761|1013|2002
19791209300761|790|2005
19791209300761|1016|2003
26388279067635|896|2010
26388279067635|897|2012
26388279067635|890|2000
26388279067635|892|2002
26388279067734|915|2011
26388279067734|937|2013
26388279067734|922|2011
30786325578316|1570|2003
30786325579380|1117|2000
30786325579380|1118|2002
32985348833579|483|2010
32985348833579|447|2011
985|550|2010
985|540|2010
1125|0|2006
1125|3|2006
1125|6|2005
1125|1007|2005
1125|735|2006
2199023256881|896|2010
2199023256881|1320|2010
2199023256881|1325|2011
6597069768154|913|2000
6597069768154|932|2000
6597069768154|918|2001
6597069768154|924|2000
6597069768236|930|2001
6597069768236|916|2001
6597069768236|918|2001
6597069768236|910|2001
19791209300656|964|2007
19791209300656|956|2008
19791209300656|959|2007
19791209300830|111|2006
19791209300839|679|2004
19791209300839|665|2003
19791209300839|1275|2003
19791209300839|669|2002
19791209300839|670|2004
26388279067897|932|2007
26388279067897|919|2006
26388279067897|926|2005
1131|539|2009
1131|541|2009
2199023256086|515|2002
6597069767125|1557|2002
6597069767125|728|2002
6597069767125|1561|2001
10995116278269|257|2002
10995116278269|253|2001
13194139533427|1481|2004
13194139533535|544|2008
13194139533535|546|2008
13194139533535|547|2008
13194139533535|551|2006
13194139533535|554|2007
13194139534234|933|2002
13194139534234|936|2001
17592186044991|931|2010
17592186044991|932|2012
17592186044991|923|2009
24189255811876|1457|2005
24189255811876|1500|2005
26388279066764|1393|2006
26388279066764|1429|2005
26388279066764|1419|2004
28587302323597|545|2012
30786325578485|915|2008
30786325578485|916|2007
30786325578485|918|2008
30786325578485|1275|2006
30786325578938|918|2001
30786325578938|906|2001
30786325578938|922|2002
30786325578938|909|2002
8796093022438|1557|2001
8796093022574|1568|2001
8796093022574|1567|2001
8796093022765|544|2004
8796093023199|915|2010
8796093023199|927|2009
8796093023903|888|2003
8796093023903|890|2004
8796093023903|893|2003
8796093023903|815|2004
15393162790022|929|2009
15393162790022|932|2009
15393162790022|905|2008
15393162790022|923|2009
15393162790022|927|2008
19791209300845|1531|2008
19791209300845|1517|2007
19791209300845|1501|2007
19791209301621|897|2003
19791209301621|888|2006
19791209301621|889|2005
19791209301621|893|2009
21990232556713|1044|2005
21990232556713|1094|2005
21990232556713|1070|2006
21990232556988|293|2000
24189255812669|897|2003
24189255812669|887|2003
26388279067066|1001|2006
26388279067066|1002|2005
30786325578362|278|2007
30786325578362|266|2006
30786325578362|270|2006
32985348834064|1361|2008
32985348834064|1379|2009
32985348834064|1369|2010
4398046511712|388|2009
4398046511712|392|2011
4398046512387|551|2004
4398046512387|539|2004
4398046512387|1005|2004
17592186045604|145|2012
17592186045604|140|2010
17592186045604|157|2010
17592186045604|174|2010
19791209301023|932|2000
19791209301023|920|2000
19791209301023|923|2000
19791209301023|908|2001
19791209301023|909|2001
24189255812426|785|2005
24189255812426|808|2006
24189255812426|778|2005
24189255812426|795|2007
26388279067248|547|1999
26388279067248|551|1999
26388279067248|538|2000
26388279067248|845|1998
26388279067248|542|1999
26388279067924|913|2011
26388279067924|914|2011
26388279067924|930|2012
26388279067924|921|2011
26388279067924|926|2010
32985348834794|960|2002
32985348834794|966|2001
344|1042|2002
344|1060|2002
344|341|2001
344|1036|2003
2199023255987|736|2009
2199023255987|933|2008
2199023255987|938|2008
2199023255987|925|2008
2199023255987|911|2008
4398046512492|1457|2003
19791209301496|544|2007
19791209301496|548|2008
19791209301496|538|2008
19791209301496|543|2008
21990232556463|1014|2004
21990232556463|1015|2004
21990232556463|1021|2004
28587302322974|928|2007
28587302322974|930|2007
28587302322974|905|2003
28587302322974|922|1999
28587302323783|585|2005
28587302323783|570|2007
30786325578914|324|2008
30786325578914|316|2009
2199023256744|712|2009
2199023256744|714|2010
2199023256744|699|2009
6597069767347|546|2008
6597069767347|552|2009
6597069767347|554|2009
6597069767347|538|2007
8796093022728|836|2006
8796093022728|843|2006
13194139534451|1211|2010
17592186045028|543|2007
17592186045864|1557|2006
17592186045864|1561|2010
19791209299968|548|2007
19791209299968|551|2005
21990232556614|107|2005
21990232556614|108|2006
24189255812535|1136|2004
24189255812535|1139|2002
28587302323139|306|2000
28587302323139|300|2001
28587302323139|301|2001
32985348834066|304|2007
32985348834066|305|2007
32985348834066|306|2007
32985348834066|299|2006
32985348834066|300|2005
941|558|2000
4398046511426|896|2010
4398046511426|895|2010
15393162789346|1490|2007
15393162789346|1526|2006
19791209300562|818|2004
19791209300562|819|2002
19791209300921|833|2005
19791209300921|837|2009
19791209300921|838|2005
19791209301505|1410|2007
19791209301505|1416|1999
19791209301505|1418|2000
24189255811326|144|2009
24189255811326|1571|2004
24189255811326|182|2006
24189255811326|184|2012
26388279067441|1324|2008
26388279067441|1325|2009
30786325578629|177|2009
30786325578629|179|2009
30786325578629|166|2010
30786325578629|183|2008
30786325578629|169|2009
32985348834768|551|2004
32985348834768|553|2004
32985348834768|554|2003
2199023255949|10|2005
6597069767904|579|2011
6597069767904|570|2010
6597069767904|572|2010
8796093023851|506|1999
8796093023851|492|1998
10995116278796|679|2007
10995116278796|666|2008
10995116278796|667|2008
10995116278796|668|2008
13194139533440|553|2002
13194139533440|939|2002
13194139533440|539|2001
13194139533440|540|2002
13194139533440|542|2003
13194139534913|1365|2003
13194139534913|1368|2003
21990232556302|864|2001
21990232556302|1475|2001
21990232556302|1498|2001
21990232556302|1502|2001
26388279066885|1091|2007
26388279066885|1065|2007
26388279066885|1034|2007
28587302322537|1560|2012
28587302322537|1561|2002
32985348834570|758|2005
32985348834570|970|2004
32985348834570|974|2005
1644|227|2007
1644|233|2007
1644|234|2008
1644|236|2007
1644|223|2008
6597069766914|1047|2006
6597069766914|1098|2007
6597069766914|1067|2007
6597069766914|1068|2008
6597069767635|323|2008
6597069767668|1014|2006
6597069767668|1016|2006
26388279067760|480|2009
26388279067760|468|2009
26388279067760|447|2009
30786325578600|399|2007
30786325578755|299|2007
30786325578755|302|2005
32985348833434|1019|2004
32985348833434|1020|2004
32985348833434|1022|2005
32985348833702|674|2009
32985348833702|679|2008
4398046511747|933|2009
4398046511747|937|2010
6597069767341|1013|2007
6597069767341|1019|2008
6597069767341|1020|2007
6597069768034|547|2007
6597069768034|552|2009
6597069768034|542|2009
8796093022975|818|2005
8796093022975|819|2010
10995116278228|1317|2011
10995116278228|1307|2009
17592186046083|1117|2011
17592186046083|1118|2011
21990232556837|936|2012
21990232556837|922|2013
21990232556837|909|2012
21990232556837|925|2013
24189255812295|1203|2003
24189255812295|1221|2003
24189255812295|1207|2004
26388279067331|920|2010
26388279067331|938|2010
30786325578963|1035|2009
32985348833834|1165|2012
32985348834678|929|2002
32985348834678|933|2003
32985348834678|938|2002
32985348834678|923|2004
32985348834678|907|2003
2199023255725|923|2010
2199023255725|109|2010
2199023255725|927|2010
4398046511246|551|2002
4398046511246|538|2001
4398046511246|540|2003
6597069767375|21|2004
6597069767375|27|2003
6597069768004|804|2006
6597069768004|806|2007
6597069768004|796|2006
6597069768004|781|2007
8796093022412|482|2005
8796093022412|485|2006
8796093022412|469|2004
8796093022412|472|2005
8796093022412|478|2005
10995116279349|357|2001
15393162789624|577|2003
15393162789624|561|2003
15393162789624|564|2003
15393162789624|571|2004
15393162789624|572|2003
21990232556760|3|2007
21990232556760|761|2008
21990232556760|763|2008
21990232556760|766|2012
24189255811079|912|2008
24189255811079|934|2008
24189255811079|924|2007
24189255811079|926|2007
26388279067868|897|2005
26388279067868|888|2004
26388279067868|891|2004
26388279067868|893|2005
28587302322487|425|2006
28587302322487|413|2011
28587302322487|415|2012
30786325578737|962|2006
30786325578737|965|2005
30786325578737|967|2004
30786325578737|953|2006
30786325578737|954|2004
30786325579189|1001|2003
30786325579189|1002|2003
32985348833660|1379|2012
32985348833660|1125|2012
32985348833660|1358|2011
788|1560|2007
788|777|2007
788|1561|2007
2199023256634|1344|2001
2199023256634|1336|2003
4398046512142|935|2009
4398046512142|921|2009
8796093022946|1558|2001
8796093022946|1561|2001
17592186044943|32|2005
17592186044943|22|2006
17592186044943|31|2007
21990232555571|708|2009
21990232555686|106|2008
21990232555686|107|2007
21990232555686|108|2008
28587302322524|962|2005
28587302322524|950|2006
28587302322524|951|2005
28587302322524|952|2006
28587302322524|954|2004
28587302322854|967|2003
32985348833438|887|2008
32985348833438|888|2006
32985348833438|892|2006
32985348834576|888|2006
32985348834576|890|2007
32985348834576|892|2007
1419|899|2004
1419|900|2003
8796093022435|915|2011
17592186046110|296|2007
17592186046110|298|2009
19791209301112|800|2012
26388279067527|1457|2004
26388279067527|1531|2003
26388279067527|1469|2004
26388279067527|1502|2004
32985348834723|632|2003
32985348834723|633|2002
32985348834723|618|2003
35184372090183|1409|2003
35184372090183|1397|2003
35184372090183|1429|2003
35184372090183|1414|2002
35184372090183|1400|2003
2199023257135|206|2004
2199023257239|1069|2001
4398046511145|545|2005
4398046511145|553|2006
4398046511145|538|2005
6597069766998|1216|2004
6597069766998|1204|2004
6597069766998|1192|2004
6597069766998|1199|2005
6597069767400|21|2007
6597069767400|25|2006
6597069767400|26|2006
6597069767400|29|2006
13194139533500|466|2008
13194139533500|475|2008
15393162788911|1227|2003
15393162788911|1228|2005
15393162788911|1230|2004
15393162789077|176|2001
15393162789077|161|2001
15393162789077|141|2000
15393162789077|173|2000
19791209301592|981|2001
19791209301592|973|2002
26388279067426|1026|2008
26388279067426|1075|2008
26388279067426|1061|2007
26388279067426|1094|2007
26388279067426|1065|2008
26388279067479|672|2007
26388279067479|677|2008
26388279067479|678|2007
26388279067479|679|2008
26388279067479|664|2008
28587302323373|1557|2003
28587302323373|1558|2002
28587302323373|1559|2003
28587302323373|1560|2004
28587302323373|1561|2003
30786325578320|1324|2004
30786325578320|1325|2003
583|918|2010
2199023255940|546|2006
2199023255940|547|2006
2199023255940|551|2005
2199023255940|553|2006
2199023255940|542|2006
4398046512486|206|2007
8796093022821|296|2005
10995116278976|564|2005
10995116278976|570|2005
10995116278976|557|2004
10995116278976|575|2005
10995116279236|978|2004
10995116279236|979|2009
10995116279236|973|2006
13194139533927|935|2003
13194139533927|925|2004
13194139534915|928|2008
13194139534915|933|2008
13194139534915|921|2010
13194139534915|938|2009
13194139534915|926|2009
15393162789090|1138|2007
15393162789090|1557|2007
15393162789090|1559|2006
15393162789090|1560|2006
17592186045078|400|2012
17592186045078|1573|2003
17592186045078|399|2003
19791209301217|1568|2004
19791209301217|1567|2005
26388279067159|386|2005
26388279067159|388|2005
26388279067159|373|2005
26388279067562|552|2001
2199023256351|919|2004
2199023256351|935|2003
2199023256351|920|2004
2199023256351|921|2004
2199023256351|924|2004
4398046511185|803|2004
4398046512441|179|2012
4398046512441|147|2012
4398046512441|169|2007
4398046512441|174|2011
10995116278925|678|2001
10995116278925|680|2000
13194139533588|418|2012
13194139533588|425|2010
13194139533588|413|2010
13194139534548|912|2002
13194139534548|930|2002
15393162790438|499|2009
15393162790438|506|2009
15393162790438|510|2009
15393162790462|543|2010
17592186045280|1354|2007
17592186045280|1388|2010
17592186045280|1359|2012
19791209301102|1002|2004
21990232556263|440|2002
21990232556263|429|2000
21990232556263|414|2001
30786325578075|915|2004
30786325578075|918|2004
30786325578075|926|2003
30786325578932|107|2010
32985348834655|778|2003
6597069767274|554|2000
6597069767274|539|1999
6597069767274|540|2001
6597069767274|541|2001
6597069767432|546|2010
6597069767432|553|2009
6597069767432|542|2009
8796093022449|466|2006
13194139534161|1116|2007
19791209300634|896|2002
19791209300634|891|2003
19791209300634|892|2002
19791209300634|893|2003
21990232555524|1562|2008
21990232555524|1563|2007
21990232555524|1564|2008
21990232556707|1230|2008
28587302322870|809|2003
28587302322870|810|2003
28587302322870|813|2003
30786325577977|810|2000
30786325577977|811|2000
30786325578245|528|2007
30786325578245|529|2006
30786325578245|531|2007
30786325578245|525|2007
30786325579401|833|2005
30786325579401|835|2004
30786325579401|842|2004
30786325579401|829|2004
32985348833533|443|2007
32985348834423|167|2005
32985348834423|184|2005
32985348834483|418|2001
2199023255562|443|2008
2199023255562|446|2009
2199023255562|463|2009
4398046511672|1125|2008
13194139533606|547|1999
13194139533606|440|2001
13194139533606|538|2000
13194139533606|543|2001
15393162789084|436|2010
15393162789084|421|2010
15393162789084|423|2006
15393162789084|428|2005
15393162789084|430|2008
15393162789204|546|2008
15393162789204|554|2008
21990232556252|903|2005
21990232556252|904|2006
21990232556376|552|2008
21990232556376|554|2007
21990232556376|542|2008
24189255812653|558|2011
26388279067923|106|2010
26388279067923|109|2012
32985348833329|553|2003
2199023255688|1088|2001
2199023255688|1041|2002
2199023255688|1046|2002
2199023255688|1063|2001
2199023256849|305|2003
2199023256849|307|2003
2199023256849|300|2012
17592186044439|1472|2010
17592186044439|1490|2010
17592186044439|1445|2009
17592186044439|1516|2010
17592186044439|1453|2010
17592186045497|674|2005
17592186045497|675|2004
17592186045497|681|2003
17592186045497|666|2005
17592186045497|670|2005
19791209300504|1226|2007
19791209300504|1228|2006
21990232556761|917|2002
21990232556761|936|2003
21990232556761|938|2003
21990232556761|926|2003
24189255812001|278|2005
24189255812001|263|2004
24189255812001|605|2005
24189255812001|575|2005
24189255812047|1|2002
24189255812047|2|2002
24189255812047|3|2003
26388279068177|805|2012
26388279068177|792|2012
26388279068220|913|2007
26388279068220|918|2008
26388279068220|924|2008
28587302323136|1058|2008
30786325577784|305|2008
30786325577784|771|2004
30786325577784|299|2006
30786325577784|300|2004
30786325577784|303|2007
30786325578911|826|2008
2199023256524|1091|2006
2199023256524|1078|2005
2199023256524|1083|2006
6597069766720|286|2003
10995116278525|912|2001
10995116278525|934|2002
15393162790223|1257|2006
15393162790223|1263|2004
19791209300317|206|2008
24189255812660|549|2012
24189255812660|542|2008
26388279067108|256|2005
26388279067108|259|2004
26388279067108|252|2004
26388279067108|253|2003
26388279067637|929|2008
26388279067637|292|2009
26388279067637|906|2009
26388279067637|926|2009
26388279067637|911|2008
28587302322530|48|2002
28587302322530|35|2002
28587302322530|46|2001
28587302322530|47|2002
28587302322548|810|2010
28587302322548|812|2009
32985348833478|960|2005
32985348833478|952|2006
32985348833478|1067|2006
32985348833478|957|2005
683|180|2008
4398046511180|1176|2012
4398046511180|1178|2011
4398046511180|861|2011
6597069767729|897|2008
6597069767729|890|2007
8796093023237|1408|2009
8796093023237|1414|2009
8796093023668|553|2012
10995116278236|935|2008
10995116278236|924|2006
10995116278308|1140|2006
10995116278308|1173|2005
10995116278308|1145|2005
10995116278308|1163|2004
13194139534270|547|2001
13194139534270|554|2002
13194139534270|539|2002
13194139534270|540|2002
17592186045573|548|2003
17592186045573|538|2003
17592186045573|541|2003
17592186045573|543|2003
21990232556847|560|2005
21990232556847|561|2006
21990232556847|584|2007
21990232556847|573|2006
28587302323855|1076|2008
28587302323855|1066|2007
28587302323855|1098|2008
30786325578608|896|2004
30786325578608|888|2005
30786325578896|915|2002
30786325578896|918|2002
30786325578896|822|2003
30786325578896|920|2002
4398046512494|680|2012
8796093023234|1559|2003
8796093023234|1561|2003
10995116278223|208|2010
10995116278223|206|2004
10995116278835|910|2003
10995116279118|455|2002
10995116279118|460|2001
10995116279118|445|2002
15393162789859|935|2004
15393162789859|936|2005
15393162789859|908|2005
15393162789859|927|2006
17592186045229|887|2004
17592186045229|894|2006
21990232556903|913|2003
21990232556903|935|2003
21990232556903|910|2003
21990232556903|735|2004
24189255811663|1112|2010
24189255811663|399|2010
96|914|2012
96|920|2000
96|937|2009
96|905|2007
96|909|2010
2199023256280|546|2006
2199023256280|540|2005
2199023256280|542|2004
2199023256280|543|2005
8796093022970|544|2008
13194139533469|936|2005
13194139533469|920|2005
13194139533469|729|2006
13194139533469|911|2004
13194139534229|1573|2006
13194139534229|1574|2006
13194139534229|696|2008
15393162789111|306|2009
15393162789111|749|2009
15393162789111|750|2009
15393162789111|751|2009
19791209300091|945|2003
19791209300091|947|2004
19791209300091|940|2004
21990232556916|545|2001
21990232556916|541|2000
21990232557037|205|2003
21990232557037|1197|2003
26388279067796|1043|2008
26388279067796|1100|2007
28587302322552|549|2007
28587302322552|551|2006
28587302322552|554|2005
28587302322552|543|2006
30786325578215|456|2003
30786325578215|457|1999
30786325578215|461|2002
30786325578215|446|1999
30786325578215|430|2008
870|507|2005
932|169|2004
932|185|2004
932|154|2003
1077|843|2002
1077|829|2001
1077|830|2000
1077|831|2000
2199023256154|964|2004
2199023256154|949|2005
2199023256154|775|2005
2199023256154|968|2004
2199023256154|959|2005
2199023256862|672|2003
2199023256862|666|2003
2199023257143|533|2008
2199023257143|535|2008
2199023257143|537|2008
4398046511367|545|2006
4398046511367|547|2008
4398046511367|539|2006
6597069767831|960|2003
6597069767831|951|2003
6597069768240|552|2010
6597069768240|541|2009
15393162789907|483|2005
15393162789907|472|2005
15393162789907|474|2006
15393162789907|459|2007
15393162789907|462|2006
21990232556381|400|2003
24189255811481|545|2010
24189255811481|552|2012
24189255811481|553|2011
24189255811481|540|2011
28587302323823|136|2007
28587302323823|174|2005
32985348833467|560|2010
32985348834796|968|2003
32985348834796|956|2004
32985348834796|959|2002
296|579|2008
296|5|2009
296|584|2012
296|568|2009
296|585|2007
2199023256219|1264|2005
2199023256219|1258|2005
2199023256872|307|2008
2199023257187|944|2006
4398046511177|938|2004
4398046511177|908|2003
4398046511177|927|2004
10995116278496|758|2001
10995116279287|677|2010
10995116279287|665|2009
10995116279287|682|2008
13194139533493|305|2006
13194139533493|306|2006
13194139533493|301|2005
13194139534143|546|2010
13194139534143|549|2008
13194139534143|1109|2011
13194139534143|539|2009
13194139534143|476|2004
15393162790406|546|2004
15393162790406|547|2006
17592186044737|933|2008
17592186044737|935|2009
17592186044737|905|2008
17592186044737|911|2010
17592186045165|707|2004
17592186045165|709|2012
17592186045165|702|2003
17592186045165|703|2009
19791209300579|976|2006
21990232555794|802|2004
21990232556990|930|2004
21990232556990|924|2002
28587302323213|445|1998
30786325577905|801|2005
30786325577905|785|2004
30786325577905|789|2005
30786325577905|806|2005
30786325577905|794|2004
30786325578329|547|2002
30786325578329|69|2009
30786325578329|549|2010
30786325578329|552|2009
30786325578329|541|2004
30786325578887|176|2007
30786325578887|181|2007
30786325578887|152|2009
30786325578887|158|2007
32985348833378|549|2008
32985348833378|551|2007
32985348833378|552|2008
32985348833378|542|2009
32985348833975|548|2005
32985348833975|549|2004
32985348833975|538|2005
32985348833975|543|2005
768|961|2008
768|595|2008
768|1574|2007
768|575|2008
2199023255798|244|2002
2199023255798|104|2011
2199023255798|238|2006
2199023255798|223|2008
8796093023346|945|2011
8796093023550|506|2002
8796093023550|507|2003
8796093023550|508|2002
10995116278625|304|2006
10995116278625|305|2007
15393162788866|999|2008
15393162788866|569|2010
15393162788866|555|2009
21990232556528|548|2008
21990232556528|551|2009
21990232556528|539|2007
24189255812556|541|2002
26388279067054|1508|2010
26388279067054|1460|2011
26388279067054|1495|2010
26388279067054|1117|2011
26388279067054|1453|2010
345|306|2006
345|549|2006
345|299|2006
345|300|2006
345|302|2005
2199023255898|1172|2008
2199023255898|1151|2010
4398046512397|547|1999
4398046512397|550|1999
4398046512397|542|1999
6597069767242|1568|2007
6597069767242|836|2008
8796093023738|909|2007
10995116278336|106|2002
10995116278412|1001|2009
10995116278412|1002|2011
10995116279075|810|2003
10995116279075|813|2008
10995116279273|1558|2010
10995116279273|1560|2011
15393162789815|1172|2005
15393162789815|1140|2007
15393162789815|1145|2007
15393162789815|1146|2005
15393162789815|1164|2011
17592186044729|1029|2003
17592186044994|918|2009
17592186044994|920|2008
17592186044994|921|2010
17592186044994|927|2008
26388279068083|935|2010
28587302323385|545|2009
28587302323385|546|2008
28587302323385|548|2009
28587302323385|553|2009
30786325578760|550|2006
30786325578760|554|2004
35184372089449|1265|2006
35184372089449|1253|2006
35184372089449|1256|2007
35184372089449|1272|2007
1259|729|2008
2199023255952|516|2012
2199023255952|494|2012
2199023256008|544|2012
2199023256008|547|2012
2199023256008|550|2013
2199023256008|543|2013
2199023257044|273|2007
2199023257044|279|2006
2199023257044|270|2007
8796093023884|930|2008
10995116277846|779|2003
10995116277846|796|2004
10995116277846|797|2003
10995116277846|782|2004
10995116277846|783|2003
15393162790043|464|2005
15393162790043|468|2006
15393162790043|456|2004
15393162790043|457|2004
15393162790043|461|2005
17592186044808|544|2001
17592186044808|545|2001
17592186044808|548|2001
17592186044865|951|1998
17592186044865|955|2000
19791209301153|919|2009
19791209301153|920|2007
19791209301153|909|2008
24189255811211|1312|2003
24189255811211|817|2003
24189255811211|1158|2002
24189255811211|1147|2002
24189255811211|543|2003
28587302322837|1117|2005
28587302323276|896|2003
28587302323276|888|2004
28587302323276|889|2004
28587302323276|893|2004
28587302323276|894|2003
32985348834407|889|2001
32985348834407|894|2002
32985348834585|1329|2002
32985348834585|1339|2002
2199023255821|584|2006
2199023255821|569|2005
2199023255821|572|2005
4398046511322|1472|2006
4398046511322|1475|2007
4398046511322|1509|2007
6597069767732|1472|2004
6597069767732|1441|2003
6597069767732|1460|2004
6597069767732|1445|2004
10995116278627|1227|2008
10995116278627|1229|2008
15393162789076|1352|2004
15393162789076|1357|2003
19791209301121|508|2005
19791209301121|510|2004
19791209301139|928|2007
19791209301139|913|2008
19791209301139|916|2008
19791209301139|917|2009
21990232556787|487|2002
21990232556787|472|2001
21990232556787|473|2000
21990232556787|444|2001
21990232556787|446|2000
24189255811116|1053|2008
26388279067685|923|2001
28587302322597|1539|2002
28587302322946|547|2007
28587302322946|548|2009
28587302322946|550|2008
28587302322946|541|2007
30786325579179|907|2007
30786325579179|924|2009
32985348834922|545|2009
32985348834922|553|2011
32985348834922|554|2004
2199023256816|545|2003
2199023256816|541|2003
2199023256816|543|2003
4398046511904|1075|2002
4398046511904|1100|2002
4398046511904|1085|2001
4398046511904|1087|2001
6597069767149|1001|2009
6597069767679|1226|2010
6597069767679|1117|2009
6597069767679|1118|2009
8796093023107|1570|2008
8796093023107|1571|2011
8796093023561|995|2005
8796093023561|1046|2005
8796093023561|1034|2004
8796093023561|1084|2004
8796093023561|863|2003
10995116278436|808|2008
19791209300153|785|2007
19791209300153|786|2003
19791209300153|787|2008
19791209300153|789|2003
19791209300153|791|2006
19791209301354|753|2003
19791209301354|754|2008
19791209301354|756|2008
19791209301354|750|2006
24189255811240|593|2000
24189255811240|602|2001
26388279066654|1256|2003
26388279066654|1243|2007
26388279066654|1245|2005
30786325578370|454|2007
30786325578370|461|2005
30786325579117|919|2010
30786325579117|937|2010
32985348833796|758|2005
959|1174|2005
959|1177|2005
4398046511332|400|2006
4398046511332|399|2005
6597069767301|59|2012
6597069767359|913|2003
6597069767359|934|2004
6597069767359|250|2003
6597069767359|925|2005
6597069767457|376|2001
8796093022668|466|2011
8796093022668|487|2011
8796093022668|458|2012
19791209301329|912|2007
19791209301329|936|2008
19791209301329|921|2007
19791209301329|908|2008
19791209301329|911|2007
21990232556642|676|2004
21990232556642|680|2004
21990232556642|665|2003
21990232556642|667|2003
21990232556891|1472|2003
21990232556891|1447|2004
21990232556891|1482|2002
24189255811140|897|2009
24189255811140|887|2008
24189255811140|888|2012
24189255811140|890|2011
24189255811140|893|2009
28587302322743|1557|2009
28587302322743|1558|2010
2199023256125|1178|2007
4398046511736|935|2008
4398046511736|911|2008
13194139534430|540|2012
15393162789687|257|2004
15393162789687|258|2011
15393162789687|259|2003
15393162789687|254|2011
15393162789769|538|2006
15393162790275|165|2004
15393162790275|169|2003
15393162790275|155|2003
17592186045238|1018|2007
17592186045238|1019|2007
17592186045238|1020|2007
17592186045238|1021|2008
19791209300404|1001|2011
32985348834879|1451|2007
32985348834879|1502|2006
32985348834879|1471|2007
4398046511442|574|2007
4398046511753|176|2001
4398046511753|147|2006
4398046511753|180|2005
4398046511753|169|2005
8796093023017|468|2005
8796093023017|470|2005
8796093023017|488|2005
8796093023017|463|2006
8796093023017|735|2004
8796093023094|912|2010
8796093023094|930|2008
8796093023094|919|2007
13194139533770|162|2007
13194139533770|170|2007
13194139533770|171|2007
13194139534724|545|2009
15393162790430|544|2011
15393162790430|545|2011
15393162790430|547|2011
21990232555803|522|2002
21990232556500|951|2009
21990232556500|968|2009
21990232556500|953|2009
21990232556500|956|2010
24189255812419|567|2011
26388279067003|916|2004
26388279067003|932|2004
26388279067003|919|2006
26388279067003|920|2005
26388279067003|925|2006
28587302323229|673|2010
28587302323229|678|2009
28587302323229|682|2010
28587302323229|666|2010
28587302323229|667|2008
32985348833798|306|2005
32985348833798|307|2004
32985348833798|300|2004
32985348833798|303|2004
6597069766993|830|2005
6597069767407|917|2010
6597069767407|905|2010
6597069768060|864|2009
6597069768060|1345|2006
10995116278353|481|2010
10995116278353|483|2008
10995116278353|454|2009
10995116278353|489|2011
10995116278353|458|2008
10995116279298|549|2004
10995116279298|1126|2005
10995116279298|540|2005
10995116279298|1005|2005
13194139534770|932|2002
13194139534770|134|2002
13194139534770|936|2003
13194139534770|923|2003
19791209301664|915|2009
19791209301664|933|2009
19791209301664|937|2010
21990232556441|1296|2007
21990232556441|1299|2006
21990232556833|961|2008
21990232556833|965|2009
21990232556833|950|2009
21990232556833|956|2008
26388279066795|547|2003
26388279068235|1523|2009
26388279068235|1529|2008
26388279068235|1455|2008
28587302323858|777|2005
30786325579180|931|1999
32985348833505|978|2005
32985348833505|979|2006
998|257|2006
998|260|2006
998|255|2006
8796093022727|546|2008
8796093022727|550|2007
10995116278224|942|2003
10995116278224|943|2003
15393162790300|368|2005
15393162790300|4|2005
15393162790300|6|2004
17592186044592|658|2006
17592186044592|662|2004
17592186044592|618|2004
17592186044592|623|2005
19791209301538|1297|2008
19791209301538|1298|2007
19791209301538|1299|2008
19791209301538|1300|2006
19791209301538|1302|2007
26388279067574|1172|2008
26388279067574|1160|2007
26388279067574|1165|2008
26388279067574|1150|2008
30786325578640|1335|2006
30786325578640|396|2005
30786325578640|398|2006
30786325578640|735|2006
32985348833676|905|2002
702|786|2006
702|788|2006
702|807|2006
702|779|2005
2199023256310|548|2007
2199023256310|550|2008
2199023256310|540|2008
4398046511257|1117|2000
4398046511257|1118|2000
4398046512244|803|2012
4398046512244|789|2012
4398046512244|808|2010
4398046512244|778|2010
4398046512662|1011|2003
4398046512662|119|2003
6597069766719|486|2005
6597069766719|457|2005
6597069767851|298|2000
10995116278210|1557|2006
10995116278210|1560|2006
10995116278210|1561|2007
15393162789655|205|2010
15393162789655|207|2010
15393162790167|766|2003
17592186045047|1253|2011
17592186045047|1269|2011
17592186045047|1241|2008
17592186045085|763|2006
17592186045085|766|2005
17592186045578|571|2009
19791209300572|928|2003
19791209300572|929|2004
19791209300572|915|2003
19791209300874|758|2003
19791209301543|727|2000
19791209301543|717|2000
19791209301543|718|2000
21990232555650|806|2008
21990232555650|791|2010
21990232555650|778|2010
21990232555650|797|2006
26388279066830|1335|2006
26388279066830|1336|2007
26388279066830|1340|2006
26388279067561|1517|2007
26388279068113|891|2002
26388279068113|893|2002
26388279068113|894|2001
26388279068113|895|2002
28587302322939|572|2009
30786325577964|33|2007
30786325577964|27|2005
32985348833673|896|2008
32985348833673|887|2011
32985348833673|891|2011
32985348833673|894|2001
32985348833854|59|2009
32985348833854|77|2008
2199023257240|1319|2006
2199023257240|1305|2006
2199023257240|1311|2005
10995116277788|1248|2009
10995116277788|1239|2008
10995116278286|677|2009
10995116278286|923|2010
10995116278286|925|2010
10995116279390|546|2004
10995116279390|548|2000
10995116279390|553|2011
10995116279390|538|2011
10995116279390|540|2008
13194139533439|673|2007
13194139533439|674|2009
13194139533439|675|2008
13194139533439|682|2009
13194139533439|667|2007
15393162789417|1557|2001
15393162789417|1561|2001
15393162790168|1294|2012
17592186044862|723|2009
17592186044862|727|2011
17592186044862|717|2011
17592186044862|718|2007
17592186045792|673|2009
17592186045792|674|2008
17592186045792|680|2008
17592186045792|665|2009
17592186045792|668|2008
19791209301554|145|2007
19791209301554|161|2006
19791209301554|181|2007
19791209301554|169|2007
19791209301554|174|2006
26388279067625|1557|2012
26388279067625|1560|2012
26388279067625|1561|2012
28587302323430|532|2008
28587302323430|536|2012
28587302323682|966|2010
28587302323682|953|2010
28587302323682|955|2010
687|546|2008
687|547|2011
687|548|2009
687|543|2011
4398046512303|544|2008
4398046512303|548|2009
4398046512303|553|2008
4398046512303|554|2008
4398046512303|1277|2008
8796093022369|546|2004
8796093022369|548|2003
17592186045549|464|2010
17592186045549|450|2011
19791209300159|954|2003
19791209300159|956|2005
19791209300639|116|2009
19791209300639|118|2012
19791209300639|119|2010
19791209300639|120|2008
24189255812246|930|2003
24189255812246|915|2003
24189255812246|1111|2004
24189255812246|920|2003
26388279066662|805|2004
26388279066662|806|2006
26388279066662|791|2004
26388279066662|793|2005
28587302323283|545|2000
28587302323283|552|2001
28587302323283|540|1999
32985348833794|1321|2003
32985348833794|1323|2002
32985348834100|144|2002
32985348834100|166|2009
32985348834100|172|2003
32985348834100|1117|2002
