:START_ID(Person)|:END_ID(Organisation)|classYear:INT
933|2643|2011
1129|2636|2003
4398046512167|2384|2005
6597069767117|5160|2007
10995116278700|6801|2008
17592186045684|2209|2002
21990232556027|1596|2008
21990232556585|5268|2000
26388279066636|2435|2008
28587302322727|6801|2002
30786325578904|4669|2010
4398046511870|2359|2008
8796093023060|4942|2011
13194139534485|5983|2000
19791209300372|2830|2007
26388279067350|2207|2008
28587302322873|2491|1999
13194139533850|1801|2003
15393162789992|3007|2001
15393162790562|6393|2004
17592186044810|1961|2006
19791209300058|7893|2003
21990232556714|4512|2003
28587302322741|1857|1998
32985348833558|2830|2008
6597069766961|5236|2002
8796093022367|6303|2007
8796093022641|7900|2004
8796093022764|2206|2007
19791209301403|6797|2003
19791209301577|4515|2003
21990232555940|2325|2000
24189255811398|2407|2004
28587302322686|2434|2004
30786325579136|1602|2007
32985348833849|5496|2001
4398046511463|1857|2000
4398046512636|1853|2003
6597069766695|5985|2006
6597069767625|7893|1999
8796093022467|5269|2009
13194139533332|5036|2011
15393162789707|6350|2007
21990232556536|2527|2011
24189255811694|6625|2005
30786325577812|6617|2002
30786325577960|4676|1999
30786325579035|2982|1998
30786325579119|1972|2003
32985348834262|1608|2000
32985348834823|2176|2001
65|4991|2007
2199023256530|1978|2005
4398046511535|5234|2009
6597069768287|5525|2005
10995116278915|2243|2006
17592186044824|3006|2004
17592186045865|3008|2008
17592186045981|4965|2000
19791209300739|2210|2008
19791209301463|2478|2002
21990232556180|6478|2004
26388279068269|2206|2008
28587302322755|2210|1999
32985348833679|6200|2007
32985348833686|1849|2003
1219|2946|2009
8796093022290|5147|2002
8796093023634|4668|2003
15393162789560|3011|2010
17592186044532|3010|2004
17592186044568|2211|2008
17592186045583|5948|2004
19791209300796|1858|1998
21990232556771|5190|2006
21990232557176|6545|2002
26388279067039|5521|2007
30786325578784|2213|2001
2199023255747|3007|2006
8796093023215|5899|2007
13194139533648|3007|2001
13194139533912|2835|2006
13194139534520|1857|2002
15393162789226|4589|2006
17592186045370|2693|2003
17592186045646|6807|2002
28587302322718|2648|2004
30786325579394|5271|2009
2199023256919|4518|2002
6597069768005|5529|2011
10995116278292|2829|2009
10995116278973|4674|2005
10995116279272|3007|2003
13194139534836|5039|2008
17592186046041|1597|2003
21990232556947|6204|2003
28587302322627|5521|2008
893|2209|2007
10995116277924|2833|2000
13194139534927|4743|2003
15393162790078|4515|1999
21990232555895|7892|2000
21990232556476|5496|2010
30786325579215|2646|2007
4398046512267|1959|2002
4398046512578|5865|2005
6597069767747|1953|2007
8796093023613|6168|2004
10995116278281|4589|2004
10995116278453|6801|2008
10995116278785|6624|2005
13194139534569|7942|2006
13194139534853|5272|2001
15393162789103|7886|2003
19791209300631|3007|2003
19791209301229|1852|2000
24189255812580|2383|2006
28587302323655|1769|2010
30786325579148|6798|2007
555|2209|1999
2199023256403|3011|2003
4398046511628|5947|2003
13194139533460|2206|2007
17592186044519|4941|2008
19791209300124|6616|2004
21990232555753|6509|2006
24189255811862|2486|2005
24189255812574|5529|2001
30786325578144|5148|1999
2199023255869|5236|2001
4398046511154|6433|2000
4398046512637|6799|2005
8796093023506|5461|2001
13194139533523|2944|2007
15393162788865|2945|2007
17592186044605|2206|2008
24189255811103|2832|2001
24189255811782|6441|2006
24189255812105|2208|2002
26388279066717|1605|2007
26388279066958|7900|2002
26388279067671|6798|2001
28587302323020|7893|2010
6597069766964|2835|2001
6597069768050|2207|2006
8796093022392|7900|2000
8796093022423|5168|2009
13194139533432|5188|2004
13194139534384|7951|2007
15393162790101|6435|2006
17592186045019|4749|2005
17592186045074|3009|2007
19791209301454|4939|2009
21990232556497|6204|1998
30786325578670|5735|2007
32985348834776|2205|2004
2199023256363|5521|1999
4398046511937|5141|1999
6597069766725|4762|2000
6597069767686|1838|2005
10995116277820|2836|2010
10995116278238|5981|2009
13194139534803|5241|2010
13194139534816|1577|2008
13194139534982|1858|2006
17592186045360|2836|2000
19791209300625|1851|2001
19791209301201|2519|2003
21990232557038|2214|2000
24189255811940|3177|2001
26388279067627|4998|2007
28587302322372|2990|2002
32985348834019|5264|2005
6597069768324|5235|2000
8796093022634|5607|2007
8796093023519|5501|2002
21990232556725|2356|2004
10995116278300|2207|1998
10995116279437|2385|2004
15393162789932|1958|1999
15393162790207|6805|2009
17592186044864|2211|2002
17592186045340|3209|2008
19791209300370|3013|2005
21990232555889|2213|2007
24189255811086|4593|2002
26388279068053|1851|2003
26388279068206|1957|2003
30786325579016|6493|2008
512|2206|2003
1269|3008|2007
10995116279039|4516|2003
13194139533909|2205|2005
26388279067512|3007|2000
28587302322515|1597|2001
28587302323673|6198|2010
30786325579003|6667|2007
32985348834943|7940|2010
407|5522|2004
1573|4982|2002
2199023255637|2205|2007
4398046512356|2205|2005
6597069767067|5238|2007
6597069767377|3010|2001
6597069767708|6150|1999
10995116278981|4172|2006
13194139534593|2207|2009
17592186045748|6666|2007
19791209301529|3008|2003
21990232556166|3011|2011
24189255811234|1599|2005
24189255812364|1639|2008
26388279067147|4590|2007
28587302322809|2207|1998
32985348834360|1956|2006
1242|6398|2009
13194139534382|4518|2002
15393162790472|2438|2010
19791209301239|2208|2008
26388279068176|2290|1999
26388279068264|3015|2008
32985348833887|2212|2004
32985348834919|3013|2008
102|4991|2005
987|5234|2004
2199023256609|7877|2007
4398046511467|2523|2006
4398046512201|2385|1998
4398046512759|3099|2005
6597069766938|4991|2006
8796093022368|5522|2006
13194139534340|2449|2001
15393162790090|7951|2004
21990232556621|3009|2004
26388279067771|3066|2008
32985348833931|1577|2002
32985348834873|2694|2004
32985348834930|3014|2010
367|3007|1999
465|2212|1998
1355|1642|2009
2199023257072|2381|1998
10995116278730|2209|2001
15393162789401|4954|2008
19791209299993|4673|2005
19791209300961|2213|2009
24189255811906|4519|2004
26388279067532|6480|2008
28587302322431|2834|2006
32985348834013|5233|2001
8796093022647|4954|2002
8796093022909|4968|2005
10995116279227|3013|2006
15393162789112|6306|2002
17592186045005|5494|2006
21990232556491|2213|2006
24189255811746|6479|1998
26388279066738|7895|2010
26388279066989|2213|2003
28587302322553|6493|2003
28587302322565|5043|2006
318|4991|2008
2199023255558|2209|2005
2199023256593|3015|2010
4398046512720|5264|2004
10995116279125|1980|2009
15393162789489|5189|2004
17592186045739|3008|2007
21990232555586|3009|1999
24189255811155|6010|2004
24189255811164|6149|2004
238|6554|2003
2199023256277|6388|2006
4398046512603|4749|2006
6597069768305|6393|2002
17592186044494|2983|2007
17592186045693|2212|2004
28587302323431|4517|2004
30786325578568|5038|2003
32985348833546|6396|2008
4398046512221|2982|2000
4398046512737|5985|2005
4398046512766|5985|2010
6597069766846|1583|1998
8796093022325|1815|2005
10995116278031|2834|2001
10995116278234|3010|2002
13194139534185|2674|2008
15393162788922|4998|2005
15393162789792|3012|2002
21990232555934|3006|2004
24189255811099|5804|2007
28587302323642|3008|2008
32985348833536|2697|2005
32985348834523|3008|2006
1148|2440|2007
8796093022938|3007|2005
8796093023577|2829|2003
10995116278264|3015|2001
13194139533533|2212|1998
17592186045551|5271|2011
19791209300463|2209|2010
28587302322250|3016|2005
28587302322865|6803|2008
35184372089981|2385|2007
4398046511779|7938|1999
4398046512362|2212|2004
6597069768087|5263|2001
13194139533584|3009|2006
13194139534279|5522|2010
15393162789009|6801|2004
19791209300882|5869|2008
28587302322247|6150|2001
35184372090192|5263|2001
1079|5483|2003
6597069767061|2206|2003
10995116279167|7954|2006
13194139533505|2207|2008
17592186044868|2207|2003
21990232556482|2279|2009
24189255811254|6557|2008
32985348833548|4946|2000
4398046511593|4952|2006
6597069766659|5986|2003
15393162789249|3498|1999
17592186044857|2212|2009
19791209300608|1633|2007
21990232556220|7951|2000
26388279067571|5167|2008
26388279068186|2832|2010
28587302322308|2647|2002
32985348833890|7941|2002
32985348834824|2211|2006
378|2830|2004
1222|4960|2006
2199023256437|2829|2001
4398046511424|6801|2007
4398046512376|1990|2009
8796093022492|6674|1999
8796093023133|1605|2001
10995116277765|1953|2009
15393162789983|2212|2001
21990232556010|3008|2001
26388279067551|3010|2000
28587302323281|6205|2007
30786325578988|6169|2010
35184372089323|1856|2008
2199023256049|3335|2001
4398046511587|1635|2010
6597069767415|1958|2006
13194139533834|3585|2002
15393162789093|6302|2002
15393162789604|4517|2010
17592186045572|1989|2010
17592186045862|2206|2001
21990232555611|3008|2002
21990232556897|7935|2001
28587302322294|2693|2000
30786325578617|5528|2003
2199023256236|2207|2007
4398046512573|4515|2009
6597069766733|2827|2005
8796093023679|3008|2004
13194139533391|5866|2000
13194139533757|4591|2004
19791209300178|2208|2004
24189255811227|6150|2008
26388279066936|2211|2005
1184|6308|2005
2199023256427|3009|2003
8796093022983|2205|2002
13194139534142|3014|1999
15393162790096|6855|2003
17592186045133|3011|1999
17592186045567|6801|2003
17592186045945|4991|2007
19791209300595|5270|1999
19791209301252|6489|2007
24189255812629|2214|2005
26388279067560|4991|1998
26388279068195|1849|2002
28587302322950|2487|2002
28587302323577|1804|2007
32985348834961|2176|2006
4398046511757|1955|2002
6597069766678|4742|2004
6597069766944|4589|2001
8796093023522|4517|2004
13194139533574|1601|2006
15393162789189|2450|2000
15393162790221|2699|2004
17592186044551|3012|2004
21990232555851|2521|2010
24189255812587|2987|2008
28587302322616|4991|2010
28587302322760|5988|2005
30786325579063|2832|2004
32985348834735|2381|1999
454|2832|2006
2199023256576|3014|2009
4398046512306|2214|2002
6597069766821|3011|2009
8796093022611|2212|2003
10995116279144|4991|2002
15393162789514|3015|2000
21990232555639|2213|2004
24189255811574|2173|2008
26388279067708|2213|2010
28587302322814|5987|2001
28587302323296|4515|2003
35184372089375|2454|2004
94|3015|2000
1182|4378|2004
2199023255922|3015|2005
4398046511389|1642|2004
8796093022887|2212|2004
15393162789219|4956|2007
17592186044425|1785|2004
19791209299984|5809|2007
19791209300147|2205|2001
24189255811381|6344|2004
24189255811677|5188|2002
24189255812374|1980|2004
26388279067047|4946|2003
28587302322631|6168|2004
28587302323591|5269|2007
1509|5144|2006
8796093022410|6202|2005
8796093022928|2206|2010
10995116278291|2831|2003
17592186045096|5523|2003
19791209301540|3009|2003
26388279066869|6441|2002
28587302322817|5808|2003
30786325578057|6479|2000
30786325578676|2453|2002
32985348833313|1596|2002
2199023256388|1850|2008
13194139534916|6616|2000
17592186045093|5271|2003
17592186045382|2450|2009
19791209300004|3008|2005
19791209300167|5265|2001
19791209301332|5046|2007
21990232556811|1852|2001
24189255812756|3011|2005
32985348833995|3015|2008
32985348834329|2833|2007
459|5169|2004
2199023255663|2205|2005
10995116278647|5235|2005
19791209301054|1854|2004
21990232556472|5265|2008
26388279067585|5943|2005
26388279067669|1856|2001
28587302323441|4943|2006
28587302323592|2438|2008
28587302323606|3836|2003
30786325578513|5171|2008
30786325579109|4980|2007
2199023257206|2522|2008
10995116278396|2209|2002
13194139534668|5950|2004
15393162790062|5168|2011
17592186045168|1816|2002
19791209300081|3308|2002
26388279067695|5945|2003
250|3012|2001
1490|6799|2005
2199023256566|4516|2003
4398046512194|7892|2007
4398046512521|1601|2007
6597069767184|5046|2009
8796093022445|2214|2002
8796093023000|2208|2007
8796093023907|4748|2006
15393162790365|2690|2010
21990232556433|4953|2007
24189255811801|2483|2001
26388279067472|2827|2006
26388279067478|2211|2005
28587302322753|5235|2006
28587302323054|5864|2003
30786325578585|5267|2001
2199023255817|6488|1999
2199023255855|1969|2008
4398046512206|2178|2001
4398046512649|2892|2004
8796093022582|1858|2003
10995116279328|6675|2005
13194139534652|1858|2003
17592186044461|5236|2008
17592186046016|2210|2009
19791209300483|5271|1999
21990232555834|5521|2001
24189255811275|2207|2005
26388279067906|4948|2004
28587302322286|6798|2007
30786325578088|3012|2003
1050|1787|2005
2199023257063|2486|2001
8796093022789|2389|2010
10995116278541|6309|2001
15393162789529|3015|2010
19791209300405|5948|2001
24189255812765|2989|2006
28587302323035|3006|2006
30786325578292|4514|2002
32985348834092|5947|2006
2199023256459|2178|2005
2199023256668|1851|2004
6597069767013|7893|2010
6597069767300|5526|2008
10995116278869|1595|2002
10995116279006|2209|2007
15393162789578|3007|1999
19791209300021|5268|2008
21990232556141|7893|2001
26388279066868|7870|2000
32985348834718|3014|2001
32985348834867|7954|2008
1481|4747|2008
6597069768129|5042|2001
8796093023493|3010|1999
13194139534191|2213|2005
15393162789696|7731|2004
15393162789787|4946|2004
15393162789933|5948|2003
17592186045512|4750|2008
17592186045528|4750|2005
30786325577992|6394|2006
30786325578060|2214|2005
2199023255953|2834|2002
8796093022541|2942|2008
10995116278652|3014|2007
13194139534354|2449|2007
15393162789850|2644|2006
15393162789951|2521|2003
17592186044686|2528|2000
24189255811707|2284|2004
24189255812361|5529|2006
26388279067183|3012|2006
26388279068296|1950|2008
30786325578794|4748|2010
1160|7894|2004
1549|3013|2001
2199023256472|1608|2005
10995116278980|1857|1998
15393162788893|2214|2004
15393162790510|3011|2002
21990232555617|3007|2001
26388279066664|1856|2007
30786325578286|6148|2001
1564|1853|2005
6597069767433|7954|2001
15393162790005|3006|2003
17592186045334|6475|2005
19791209300020|4742|2002
19791209301290|4749|2008
21990232555658|5523|2000
21990232556469|7896|2007
21990232556605|3013|2005
26388279068009|4998|2001
26388279068150|6622|2007
32985348834326|6617|2008
267|4516|2004
2199023256097|2834|2008
2199023257232|7924|2005
4398046511163|3007|2001
4398046512162|1578|2003
6597069767226|3745|2004
10995116277995|4524|2006
13194139533320|1580|2001
13194139533653|3220|2003
15393162789699|3006|2006
17592186045813|2209|2003
19791209300479|2211|2005
26388279068074|2205|2009
28587302323193|2691|2000
32985348834027|3014|2010
32985348834174|6620|2007
2199023255685|4945|2007
4398046511395|3238|2004
4398046511822|2211|2005
4398046512548|5979|2008
8796093023034|1854|2009
10995116277882|3008|2003
13194139534420|1806|2009
13194139534938|4942|1999
15393162789081|4673|2003
15393162789162|1953|2003
15393162790014|5044|2000
17592186044691|2210|2006
19791209300326|2181|1999
21990232556882|3029|2009
28587302322527|4747|2004
30786325579101|6671|2004
939|5503|2007
2199023257226|6391|2006
4398046512002|2209|2007
8796093023296|7901|2004
13194139534376|2360|2006
13194139534721|2691|2002
13194139534862|2943|2007
17592186045891|6494|2002
19791209300973|6803|2001
19791209301168|5943|2007
19791209301475|3006|2006
26388279066848|3011|2003
26388279068081|2206|2004
28587302323291|1811|2006
30786325579397|7898|2004
32985348833315|4929|2009
2199023256456|3123|2009
2199023257034|1597|2001
6597069767620|3013|2000
10995116279387|2175|2007
13194139533433|6622|2005
13194139533859|5865|2001
19791209299986|6172|2001
19791209301132|2180|2003
24189255812045|5143|2005
24189255812607|4765|2010
28587302322288|3012|2005
28587302322763|2213|2012
30786325578455|5870|2009
35184372088899|5526|2003
2199023255760|7945|2000
2199023256718|7874|2003
10995116278268|7948|1999
10995116279193|6433|1999
10995116279270|3007|2004
15393162789214|5236|2007
15393162790398|7898|2002
21990232556982|1609|2005
24189255811500|5523|2007
32985348834301|7928|2005
32985348834536|2206|2001
32985348834937|6309|2004
619|2831|2003
4398046511667|3007|2003
15393162789174|5043|2007
15393162789653|5143|2000
19791209300068|1607|2004
19791209300507|1806|2000
21990232556997|4991|1998
24189255812006|3006|2009
24189255812685|2438|2007
26388279067805|2211|2009
30786325577834|1850|2009
30786325577980|6183|2002
32985348833653|2386|2007
668|2699|2004
2199023256178|4745|2000
2199023256452|1641|2000
2199023256893|5271|2002
4398046511763|2470|1999
10995116278350|1578|2004
10995116278799|3006|2002
13194139534267|6483|2001
15393162788965|2834|2004
15393162789614|4665|2008
17592186044731|5157|2004
19791209301605|4511|2007
21990232555987|5044|2007
21990232556344|1838|2007
21990232556886|5500|2007
21990232557097|1784|2002
24189255811776|5266|2000
24189255812268|7948|2009
26388279067498|6673|2004
26388279067534|1855|2009
26388279068069|2987|2000
28587302322689|2650|2009
2199023256233|2432|2003
6597069768070|1814|2001
6597069768078|5236|2006
10995116279159|6797|2005
13194139533331|7953|2006
15393162789760|7900|2000
15393162790395|4949|1999
21990232555801|2310|2004
21990232557079|2206|2004
24189255811922|3007|2008
26388279068077|2210|1999
32985348834171|6493|2005
2199023256077|5236|2008
2199023256536|2647|2004
10995116278757|2207|2004
15393162789953|3007|2006
19791209300324|2828|2007
19791209301519|3014|2000
26388279067618|4143|2002
28587302322471|2981|2005
30786325577859|4747|2002
143|2941|2003
4398046511290|1810|2001
4398046512440|2638|2002
8796093023893|3009|2008
10995116279192|3006|2005
13194139534076|1895|1999
15393162789010|4996|2006
17592186044459|3014|2005
17592186044732|7900|2002
19791209300831|2944|2008
21990232555531|2211|2002
24189255812380|1857|2010
30786325579121|4517|2001
2199023256347|3006|2003
6597069766797|2213|2009
6597069767572|5455|2007
8796093023291|4951|2009
10995116278873|5040|2004
15393162789274|1857|2000
15393162790303|3514|2008
15393162790411|4751|2009
19791209301286|5950|2006
19791209301294|2495|2002
26388279066931|4991|2004
6597069767868|2386|1999
10995116278636|2948|2008
17592186045089|6392|2005
19791209300990|2213|2004
19791209301546|3006|2005
24189255811726|1636|2005
24189255812657|2214|2004
28587302322327|1583|2007
28587302323722|1853|1998
30786325578109|3010|2001
30786325578224|6801|2005
32985348833537|6554|1999
32985348834284|5524|2007
1276|1984|2006
2199023256520|2210|2004
6597069767755|2483|2003
10995116278259|3007|2004
10995116278566|5154|2011
13194139533344|5047|2001
13194139534410|2436|2008
26388279067734|2206|2011
30786325577877|2561|2005
30786325578316|7954|2002
30786325579380|6149|2000
32985348833579|2831|2009
985|3013|2010
1125|1580|2005
2199023256881|6540|2009
6597069768154|2206|1999
6597069768236|2207|2000
19791209300656|5523|2006
19791209300830|1813|2006
19791209300839|4746|2002
24189255811312|5270|2001
24189255811566|7950|2000
26388279067897|2210|2005
1131|3239|2007
2199023256086|2941|2001
2199023256321|6148|2005
4398046511845|2208|2004
6597069767125|7901|2001
10995116278269|2175|2001
13194139533427|2210|2002
13194139533535|3011|2006
13194139534234|2209|2000
19791209300402|6551|2003
24189255811876|7447|2004
26388279066764|6671|2004
28587302323579|4745|2009
30786325578485|2235|2006
30786325578938|2209|2000
32985348834519|1577|2003
8796093022438|7899|1999
8796093022574|7943|2000
8796093022765|3010|2004
8796093023199|2211|2009
8796093023903|5268|2003
15393162790022|2214|2008
19791209300845|6796|2007
21990232556713|5980|2004
21990232556988|2431|1999
24189255812669|5265|2002
26388279067066|6438|2005
30786325578362|2380|2006
32985348834682|5948|1998
4398046512387|3011|2002
4398046512527|2831|2003
17592186045604|1854|2010
19791209301023|2209|1999
24189255812426|5047|2005
26388279067248|3012|1998
26388279067924|2209|2010
30786325578935|2525|2002
32985348834794|5528|2001
344|5986|2001
2199023255987|2214|2007
4398046512492|6805|2001
17592186045594|3010|2004
19791209301496|3060|2006
21990232556463|5944|2003
28587302323783|4511|2005
32985348834036|5188|2010
471|2422|2010
2199023255871|5187|2005
2199023256744|4944|2008
6597069767347|4209|2007
8796093022728|5187|2005
15393162790474|2210|2004
17592186045028|3013|2006
19791209299968|3011|2005
21990232556614|1800|2004
24189255812535|6163|2002
28587302322824|4743|2009
28587302323139|2454|2000
28587302323141|2441|2004
32985348834066|2452|2005
941|4516|1999
4398046511426|5265|2009
6597069767348|1613|2002
15393162789346|7755|2005
26388279067441|6546|2007
28587302322676|6796|2005
30786325578629|1855|2008
30786325579091|5984|1998
32985348834768|3014|2003
2199023255949|1596|2004
6597069767904|4511|2010
8796093023851|2944|1998
10995116278796|4743|2007
10995116278912|5983|2008
13194139533440|3011|2001
13194139534913|6654|2003
15393162790476|3011|2003
21990232556302|6800|2000
26388279066885|5988|2006
32985348834570|5804|2004
1644|1984|2006
6597069766914|6045|2006
6597069767635|2488|2007
6597069767668|5947|2005
26388279067760|2832|2007
30786325578600|2644|2006
32985348833434|5950|2003
32985348833702|4748|2008
4398046511747|2369|2008
6597069766711|2439|2000
6597069767341|5947|2006
6597069768034|3012|2007
17592186045803|5941|2002
17592186046083|6149|2010
21990232556837|2206|2011
24189255812295|6308|2002
26388279067331|2213|2009
30786325578963|6038|2009
32985348833834|6171|2010
32985348834678|2213|2002
974|2835|2006
2199023255725|2210|2009
4398046511246|3823|2001
6597069767375|1612|2002
6597069768004|5044|2005
6597069768320|6197|1999
8796093022412|2829|2004
10995116279349|2523|2001
15393162789624|4516|2002
24189255811079|2208|2006
26388279067868|5266|2004
30786325578737|5526|2004
30786325579189|6433|2002
30786325579399|7897|1999
32985348833660|6639|2011
788|7901|2006
2199023256634|6557|2001
4398046512142|2206|2008
6597069767887|2487|2003
6597069768056|3007|2002
8796093022946|7899|2000
17592186044943|1607|2005
17592186045645|6799|2004
19791209300199|5266|2010
21990232555571|4940|2007
21990232555686|1803|2006
21990232556992|3014|2003
28587302322524|5527|2004
28587302322854|5526|2002
32985348833438|5268|2006
32985348833979|6163|2006
32985348834576|5337|2006
1419|5487|2002
19791209301112|5038|2010
32985348834334|5873|2003
32985348834723|4673|2002
35184372090183|6671|2002
709|5521|2011
2199023257135|1980|2004
2199023257239|5984|2000
4398046511145|3010|2004
6597069766998|6323|2003
6597069767400|1607|2005
13194139533500|2828|2007
15393162788911|6346|2003
15393162789077|1851|1999
19791209301592|5805|2000
26388279067426|5982|2007
26388279067479|4845|2006
28587302323373|7893|2002
30786325578320|6541|2002
609|3012|2007
2199023255940|3006|2004
4398046512486|1980|2005
8796093022821|5039|2004
10995116278976|4512|2003
13194139533927|2208|2003
13194139534915|2205|2008
15393162789090|7896|2006
15393162789575|7899|2002
19791209301217|7946|2004
26388279067159|2554|2004
26388279067562|3006|2000
28587302323268|3007|2003
2199023256351|2214|2002
4398046511185|5042|2002
10995116278925|4751|1999
13194139533588|2694|2010
13194139534548|2214|2000
15393162790438|2943|2008
15393162790462|4176|2008
19791209301102|6432|2003
21990232555771|5146|2005
21990232556263|2697|2000
26388279067862|4597|2004
30786325578075|2211|2003
32985348834655|5047|2002
4398046511241|2180|2003
4398046511592|5046|1999
6597069767274|3010|1999
6597069767432|3015|2008
8796093022449|2827|2005
13194139534161|2490|2005
17592186045408|5271|2010
19791209300634|5271|2002
21990232555524|7936|2007
21990232555958|1953|2009
26388279067581|1949|2000
28587302322870|5141|2002
30786325577977|5148|2000
30786325578245|2979|2006
30786325579401|5189|2003
32985348834423|1858|2005
32985348834483|2694|2000
4398046511672|6151|2007
8796093023470|2180|1999
13194139533606|3006|1999
15393162789204|3012|2008
21990232556252|5494|2004
21990232556376|3008|2007
32985348833329|3008|2002
2199023255688|5987|2001
13194139533482|1855|2001
17592186044439|6797|2009
17592186045497|4864|2003
19791209300504|6346|2005
21990232556429|2834|2006
21990232556761|2213|2001
24189255811171|2206|2000
24189255812001|2383|2004
24189255812047|1575|2001
26388279068220|2210|2007
28587302323136|5988|2008
30786325579297|3434|2004
2199023256524|5986|2004
6597069766720|2387|2002
10995116278525|2206|2001
15393162790223|6392|2004
19791209300317|1980|2007
24189255811277|2207|2008
26388279067108|2178|2003
26388279067637|2211|2008
28587302322530|1639|2000
28587302322548|5141|2008
32985348833478|5668|2005
683|1853|2006
2199023256776|3015|2009
4398046511180|6199|2011
4398046512001|2211|2006
8796093023237|6673|2007
8796093023668|3013|2011
10995116278236|2213|2006
10995116278308|6172|2004
13194139534270|3014|2000
17592186045573|3012|2002
21990232556847|4518|2005
26388279067378|3010|2000
28587302323701|5522|2005
28587302323855|5984|2007
30786325578608|5263|2003
30786325578896|2206|2001
8796093023234|7894|2002
10995116278835|2211|2003
10995116279118|2832|2000
15393162789859|2209|2004
17592186045229|5458|2004
19791209300454|5171|2003
19791209301312|1637|2006
21990232556903|2209|2002
24189255811663|1962|2010
32985348833404|6463|2005
2199023256280|3014|2004
8796093022970|4454|2007
13194139533469|2212|2004
13194139534229|7952|2006
15393162789111|4985|2008
17592186045261|2447|2001
19791209300091|5503|2003
19791209301600|3013|2005
21990232556916|3006|2000
21990232557037|1980|2002
26388279067796|5983|2007
28587302322552|3013|2005
870|2945|2005
932|1850|2003
1077|5188|2000
2199023256154|5523|2003
2199023256862|4845|2001
2199023257143|2987|2006
4398046511367|3013|2006
4398046512696|4515|2010
6597069767831|5527|2002
6597069768240|3012|2009
10995116279093|7897|2001
13194139533725|6552|2001
15393162789907|2833|2005
19791209300775|6798|2003
21990232556381|2652|2001
32985348833467|4575|2009
32985348834796|5530|2002
2199023256219|6407|2004
2199023256872|2453|2007
2199023257187|5496|2006
4398046511177|2206|2002
8796093022995|2388|2007
10995116278496|4991|2001
10995116279287|4743|2008
13194139533493|2451|2004
15393162790403|2383|2006
15393162790406|3013|2004
17592186044737|2206|2008
19791209300579|5802|2006
21990232555794|5047|2003
21990232556990|2212|2002
26388279067442|2205|1999
28587302323213|2828|1998
30786325577905|5040|2003
30786325578887|1854|2007
32985348833378|3015|2007
32985348833975|3007|2003
768|1955|2007
8796093023346|5501|2010
8796093023550|2943|2001
10995116278625|2455|2006
15393162788866|4519|2008
21990232556528|3006|2007
26388279067054|6800|2010
345|2455|2005
4398046512397|3015|1998
6597069767242|7947|2007
8796093023825|5542|2007
10995116278336|1804|2002
10995116279273|7898|2009
17592186044729|5980|2003
17592186044994|2214|2008
17592186045212|3014|1998
26388279066948|1969|2004
28587302323385|3012|2008
35184372089449|6394|2006
1259|4968|2007
2199023256008|3011|2011
2199023257044|2387|2005
6597069767674|3012|2005
8796093023655|6802|2005
8796093023884|2212|2007
10995116277846|5046|2002
15393162790043|2878|2004
15393162790151|5171|2006
17592186044808|3008|2000
17592186044865|5686|1998
24189255811211|5164|2002
28587302322837|6149|2003
28587302323276|5266|2003
32985348834407|5264|2000
32985348834585|6552|2001
2199023255821|4518|2005
4398046511322|6804|2006
6597069767732|6798|2003
10995116278627|6344|2006
15393162789076|6622|2002
19791209301121|2945|2003
19791209301139|2212|2007
21990232556787|2835|2000
24189255811116|5987|2006
26388279067685|2208|1999
28587302322597|7878|2002
28587302322946|3007|2007
2199023256816|3014|2002
4398046511904|5988|2001
6597069767149|6439|2007
6597069767679|6149|2009
6597069767836|5867|2006
8796093023561|6002|2003
10995116278436|5063|2007
10995116278874|3012|2000
19791209300771|3009|2006
24189255811240|4592|2000
24189255811953|6554|2001
30786325578370|2829|2005
30786325579117|2209|2009
32985348833796|4991|2004
959|6197|2004
2199023256586|5038|2010
4398046511332|2649|2005
6597069767301|1643|2010
6597069767359|2209|2003
6597069767457|2555|2001
8796093022668|2832|2011
19791209300828|3007|2004
19791209301329|2209|2006
21990232556642|4746|2003
21990232556891|6797|2002
28587302322743|7899|2009
2199023256125|6199|2006
4398046511736|2298|2008
10995116279283|4992|2004
13194139533784|3923|2008
13194139534430|3008|2011
15393162789769|3007|2006
15393162790275|1851|2003
17592186045238|5942|2006
19791209300404|6461|2009
26388279066928|3008|2002
32985348834605|2207|2004
4398046511442|4519|2005
6597069767571|5263|2001
8796093023017|2836|2004
13194139533770|1849|2006
15393162790430|3013|2009
17592186045044|4529|2002
21990232555803|2977|2000
21990232556500|5523|2008
24189255812419|4518|2010
26388279067003|2206|2004
28587302323229|4750|2008
32985348833798|2449|2004
6597069766993|5185|2004
6597069767407|2210|2010
6597069767884|2527|2002
10995116279298|3015|2004
13194139534770|2211|2002
19791209300190|5267|2000
19791209301664|2207|2008
21990232556441|6475|2005
21990232556833|5529|2008
26388279066795|3012|2003
26388279068235|6801|2007
30786325579180|2213|1999
998|2178|2005
6597069768275|1581|2002
8796093022727|3011|2006
10995116278224|5497|2002
15393162790300|1578|2004
17592186044592|4669|2004
19791209301538|6476|2006
26388279067574|6166|2006
30786325578640|1958|2004
32985348833676|2206|2002
32985348834373|7892|2002
150|5040|2002
702|5046|2005
2199023256310|3014|2007
4398046511257|6148|1999
4398046512662|1813|2002
6597069766719|2830|2005
10995116278210|7916|2005
15393162789655|1980|2008
15393162790167|4996|2001
17592186045085|4998|2005
19791209300572|2212|2002
19791209300874|4991|2003
19791209301543|4950|2000
26388279066830|6557|2006
26388279067561|6803|2006
26388279067910|5988|2000
26388279068034|3006|2003
26388279068113|5272|2000
28587302322939|1961|2008
30786325577964|1610|2005
2199023257240|6487|2005
10995116278286|2292|2008
13194139533439|4747|2007
17592186045792|4747|2007
19791209301554|1854|2006
26388279067625|7896|2010
28587302323682|5521|2009
4398046512303|3012|2008
8796093022369|3015|2002
17592186045549|2832|2010
19791209300159|5528|2003
24189255812246|2212|2002
26388279066662|5040|2004
28587302323283|3010|1999
32985348833794|6545|2002
