0,"[0.142300,0.484900,0.018000,0.231700,0.622700,0.022500,0.774400,0.020600]"
1,"[0.666400,0.836000,0.370000,0.536400,0.333600,0.050900,0.282200,0.194400]"
2,"[0.501300,0.859300,0.649300,0.387900,0.479300,0.695400,0.003300,0.395800]"
3,"[0.595500,0.781900,0.135700,0.419500,0.782400,0.110600,0.076500,0.302400]"
4,"[0.042200,0.668200,0.485900,0.067400,0.843900,0.154300,0.539200,0.693600]"
5,"[0.451000,0.775600,0.844900,0.360400,0.070900,0.200700,0.250900,0.735800]"
6,"[0.763500,0.037700,0.205800,0.210500,0.530400,0.242600,0.480300,0.285900]"
7,"[0.185600,0.850200,0.771700,0.283200,0.060400,0.459500,0.722100,0.808000]"
8,"[0.717300,0.297300,0.487800,0.393100,0.755600,0.370100,0.805800,0.514600]"
9,"[0.828000,0.230300,0.116100,0.094000,0.707100,0.502600,0.354800,0.303500]"
10,"[0.833400,0.262600,0.423700,0.015900,0.677700,0.880200,0.450300,0.729600]"
11,"[0.049300,0.228000,0.187500,0.062000,0.045600,0.871400,0.386100,0.488800]"
12,"[0.515100,0.408800,0.722600,0.843100,0.246500,0.601800,0.753800,0.446100]"
13,"[0.354300,0.846400,0.406300,0.660100,0.234600,0.464900,0.092800,0.552200]"
14,"[0.541500,0.339400,0.711100,0.660400,0.079700,0.768200,0.502800,0.816000]"
15,"[0.262100,0.371700,0.402100,0.571900,0.823300,0.767200,0.710400,0.362400]"
16,"[0.090200,0.221400,0.314000,0.023400,0.052800,0.854700,0.209400,0.474900]"
17,"[0.244500,0.284300,0.580900,0.415300,0.373200,0.473100,0.608600,0.340100]"
18,"[0.290600,0.764400,0.151200,0.736400,0.646800,0.801700,0.831900,0.746100]"
19,"[0.033700,0.735200,0.492700,0.272500,0.723300,0.697200,0.872200,0.355600]"
20,"[0.259900,0.147900,0.745200,0.543700,0.558300,0.044500,0.570600,0.258200]"
21,"[0.423800,0.860600,0.731900,0.866200,0.467300,0.069200,0.501800,0.008400]"
22,"[0.567700,0.346100,0.136500,0.033400,0.413100,0.662300,0.641600,0.548400]"
23,"[0.578500,0.117800,0.330400,0.846700,0.490500,0.510900,0.875700,0.278100]"
24,"[0.107500,0.434000,0.068100,0.289100,0.843400,0.356900,0.726800,0.796600]"
25,"[0.165100,0.078100,0.045600,0.696100,0.828500,0.724500,0.489800,0.260700]"
26,"[0.864300,0.197300,0.676200,0.722800,0.355800,0.853800,0.770400,0.359300]"
27,"[0.046200,0.279200,0.779400,0.423900,0.295000,0.025000,0.433700,0.070000]"
28,"[0.467900,0.422500,0.376300,0.104200,0.086300,0.114400,0.715100,0.003200]"
29,"[0.717400,0.009200,0.493700,0.160500,0.813500,0.849500,0.453800,0.245200]"
30,"[0.579900,0.086700,0.272300,0.464000,0.223300,0.353800,0.842300,0.041800]"
31,"[0.437100,0.593900,0.167400,0.504300,0.563700,0.499700,0.374400,0.281000]"
32,"[0.516200,0.437800,0.292400,0.202200,0.170500,0.309100,0.790100,0.410700]"
33,"[0.633300,0.064300,0.336800,0.384300,0.735600,0.717700,0.605400,0.505200]"
34,"[0.706800,0.473200,0.102700,0.396400,0.065300,0.570600,0.058400,0.201000]"
35,"[0.868400,0.749400,0.836100,0.677900,0.675600,0.052100,0.544700,0.685800]"
36,"[0.449500,0.525900,0.433500,0.358800,0.119300,0.525400,0.859600,0.859700]"
37,"[0.515900,0.350000,0.782800,0.396800,0.589300,0.587300,0.024100,0.766500]"
38,"[0.045400,0.702900,0.843000,0.374400,0.341300,0.111200,0.134500,0.064800]"
39,"[0.517500,0.566300,0.125300,0.272800,0.210000,0.359000,0.705400,0.548900]"
40,"[0.096300,0.440300,0.632800,0.751000,0.580100,0.496600,0.229000,0.758900]"
41,"[0.364100,0.831600,0.814200,0.396800,0.158900,0.479000,0.893500,0.479300]"
42,"[0.769000,0.391200,0.787500,0.086800,0.525900,0.046100,0.458900,0.731200]"
43,"[0.452400,0.270800,0.601300,0.324300,0.876200,0.645700,0.264300,0.543100]"
44,"[0.234900,0.867000,0.267700,0.302300,0.281100,0.716700,0.021500,0.686400]"
45,"[0.579400,0.661000,0.245700,0.114300,0.119000,0.211800,0.547700,0.518300]"
46,"[0.483700,0.854500,0.886300,0.678800,0.004700,0.050600,0.606400,0.645100]"
47,"[0.453700,0.131400,0.852800,0.355300,0.137300,0.212700,0.882100,0.054700]"
48,"[0.436500,0.752800,0.502200,0.316200,0.701500,0.363000,0.798100,0.078800]"
49,"[0.857700,0.380700,0.489700,0.112600,0.661900,0.337100,0.590700,0.415400]"
50,"[0.604200,0.001600,0.380800,0.679500,0.741500,0.883500,0.348800,0.314700]"
51,"[0.262400,0.877400,0.357800,0.225700,0.768700,0.224800,0.360200,0.347200]"
52,"[0.298500,0.138800,0.408900,0.596700,0.854200,0.523900,0.301000,0.760200]"
53,"[0.150400,0.262100,0.585900,0.314000,0.218200,0.155100,0.350600,0.512600]"
54,"[0.683000,0.088300,0.032000,0.734000,0.413300,0.512500,0.829500,0.284800]"
55,"[0.479700,0.839200,0.717600,0.831500,0.244500,0.237800,0.106800,0.802400]"
56,"[0.801300,0.584200,0.216300,0.188200,0.456200,0.439100,0.296000,0.606300]"
57,"[0.165500,0.169400,0.054900,0.239800,0.041600,0.156600,0.660900,0.762800]"
58,"[0.204900,0.048900,0.136000,0.433800,0.028200,0.170500,0.738500,0.190500]"
59,"[0.579100,0.868400,0.868900,0.130800,0.392100,0.764800,0.379500,0.468300]"
60,"[0.803600,0.222400,0.019500,0.578700,0.247500,0.699800,0.182800,0.734500]"
61,"[0.002300,0.324600,0.360200,0.677500,0.051600,0.699900,0.860300,0.376100]"
62,"[0.544000,0.313000,0.138200,0.730500,0.593200,0.049900,0.272600,0.172900]"
63,"[0.073100,0.555100,0.372300,0.776800,0.311800,0.120000,0.827000,0.021900]"
64,"[0.868000,0.460600,0.035800,0.746800,0.858800,0.818100,0.264800,0.450400]"
65,"[0.224400,0.839800,0.012400,0.715800,0.309200,0.435100,0.033000,0.548900]"
66,"[0.638700,0.722100,0.172300,0.676200,0.201200,0.414300,0.760000,0.835900]"
67,"[0.551700,0.812800,0.357200,0.236000,0.447100,0.804600,0.238900,0.606600]"
68,"[0.121400,0.707800,0.613800,0.191100,0.811900,0.282000,0.074500,0.604500]"
69,"[0.323600,0.319500,0.692400,0.777000,0.557700,0.332300,0.713400,0.408700]"
70,"[0.470800,0.305100,0.721400,0.828000,0.478000,0.061600,0.443000,0.817900]"
71,"[0.183100,0.153100,0.060500,0.742800,0.285100,0.284100,0.646400,0.508300]"
72,"[0.506400,0.505700,0.720000,0.889000,0.374100,0.495500,0.330600,0.155400]"
73,"[0.626700,0.446900,0.539400,0.129900,0.619400,0.165600,0.439800,0.365200]"
74,"[0.700400,0.218700,0.265800,0.160200,0.017200,0.477800,0.379900,0.374100]"
75,"[0.278400,0.135200,0.247700,0.800800,0.088400,0.474000,0.442200,0.884600]"
76,"[0.840200,0.377600,0.397600,0.694400,0.613000,0.698700,0.358000,0.085700]"
77,"[0.620700,0.651400,0.858400,0.797400,0.763200,0.640900,0.444200,0.182000]"
78,"[0.316900,0.101300,0.286600,0.056000,0.033800,0.741400,0.480700,0.661000]"
79,"[0.513900,0.866300,0.593000,0.556400,0.750200,0.217500,0.162600,0.515300]"
80,"[0.405900,0.177100,0.648300,0.054300,0.313800,0.809500,0.298200,0.046500]"
81,"[0.233100,0.491800,0.055100,0.492300,0.563700,0.152000,0.395100,0.174400]"
82,"[0.323900,0.092300,0.608900,0.064000,0.852900,0.315500,0.552800,0.500200]"
83,"[0.152000,0.024000,0.792300,0.445400,0.282000,0.289500,0.663200,0.161100]"
84,"[0.296700,0.340900,0.291000,0.696300,0.439400,0.043600,0.178900,0.828800]"
85,"[0.571900,0.243900,0.374800,0.780300,0.278800,0.404900,0.880100,0.491100]"
86,"[0.237200,0.629900,0.824500,0.604300,0.798200,0.746500,0.100700,0.662700]"
87,"[0.240300,0.140000,0.334400,0.895300,0.023900,0.784500,0.112200,0.667400]"
88,"[0.705300,0.274700,0.149100,0.824100,0.726700,0.148500,0.364200,0.669600]"
89,"[0.561600,0.589900,0.705600,0.091400,0.471500,0.415000,0.803200,0.548400]"
90,"[0.056800,0.044500,0.347000,0.053000,0.131000,0.229200,0.163800,0.279700]"
91,"[0.058400,0.774100,0.261100,0.455800,0.758500,0.447000,0.443300,0.067500]"
92,"[0.496300,0.494200,0.298900,0.172000,0.326000,0.150200,0.212300,0.747700]"
93,"[0.528600,0.407300,0.081700,0.335100,0.285500,0.020800,0.122000,0.113700]"
94,"[0.415400,0.570300,0.296000,0.855700,0.056100,0.560500,0.721300,0.772900]"
95,"[0.514500,0.260600,0.046900,0.163900,0.734800,0.174600,0.132100,0.713400]"
96,"[0.119000,0.833400,0.773200,0.571300,0.587000,0.293800,0.570200,0.228400]"
97,"[0.219800,0.156500,0.102600,0.600800,0.857700,0.266300,0.809600,0.499000]"
98,"[0.318800,0.717700,0.719600,0.226000,0.524700,0.891600,0.769200,0.174200]"
99,"[0.240400,0.267700,0.644400,0.187100,0.411600,0.846800,0.808700,0.430600]"
100,"[0.513400,0.624100,0.342600,0.275200,0.361200,0.435400,0.054100,0.263500]"
101,"[0.761800,0.733400,0.393300,0.383000,0.874300,0.607400,0.338300,0.878100]"
102,"[0.116700,0.845600,0.328300,0.481100,0.107400,0.128000,0.114100,0.355500]"
103,"[0.020800,0.491600,0.355800,0.744400,0.800500,0.509300,0.020300,0.472100]"
104,"[0.230800,0.574200,0.774300,0.823600,0.520500,0.074200,0.134400,0.816700]"
105,"[0.346300,0.532000,0.752100,0.573500,0.289000,0.535300,0.495300,0.683400]"
106,"[0.699200,0.680600,0.628500,0.207400,0.376900,0.298000,0.423300,0.755300]"
107,"[0.803400,0.458500,0.211800,0.638400,0.401500,0.415200,0.790000,0.484500]"
108,"[0.081800,0.794600,0.151300,0.819400,0.011800,0.421600,0.492600,0.874800]"
109,"[0.547300,0.342800,0.792400,0.332800,0.253700,0.164200,0.789600,0.695400]"
110,"[0.811500,0.493900,0.502200,0.080600,0.351600,0.007000,0.650700,0.874400]"
111,"[0.797800,0.406200,0.763600,0.425400,0.133100,0.810100,0.830600,0.735000]"
112,"[0.452500,0.816200,0.890500,0.844700,0.689700,0.178900,0.139300,0.099900]"
113,"[0.299200,0.260800,0.856800,0.458800,0.212000,0.565700,0.839200,0.674500]"
114,"[0.529200,0.315200,0.232900,0.735000,0.525600,0.759600,0.425200,0.179800]"
115,"[0.296300,0.782000,0.444800,0.602900,0.690900,0.766300,0.354200,0.823500]"
116,"[0.644200,0.848800,0.875100,0.820900,0.824000,0.190400,0.565100,0.252200]"
117,"[0.685500,0.624600,0.139900,0.837200,0.059300,0.216600,0.890300,0.598700]"
118,"[0.867800,0.251100,0.238700,0.824100,0.833200,0.383400,0.435400,0.088500]"
119,"[0.267300,0.125500,0.050400,0.879300,0.102700,0.415800,0.316700,0.132600]"
120,"[0.000000,0.069000,0.179500,0.177800,0.400500,0.459800,0.843200,0.499100]"
121,"[0.805600,0.430500,0.055200,0.454900,0.547000,0.417500,0.702500,0.831100]"
122,"[0.130900,0.473600,0.325700,0.616900,0.106000,0.380600,0.585000,0.429400]"
123,"[0.125400,0.692400,0.110000,0.011600,0.813400,0.393600,0.142400,0.192000]"
124,"[0.641600,0.625000,0.448700,0.722200,0.698500,0.439800,0.321900,0.786300]"
125,"[0.859100,0.178100,0.216900,0.745000,0.740200,0.353200,0.673300,0.880600]"
126,"[0.402400,0.654200,0.365700,0.705600,0.317100,0.381800,0.716600,0.620800]"
127,"[0.162300,0.312500,0.191500,0.839100,0.050600,0.374900,0.712600,0.318900]"
128,"[0.460500,0.254000,0.472900,0.748500,0.358000,0.300700,0.390800,0.597300]"
129,"[0.652700,0.211800,0.763600,0.664500,0.345600,0.791100,0.687300,0.611700]"
130,"[0.269300,0.799900,0.137700,0.106700,0.357400,0.768000,0.262300,0.013400]"
131,"[0.324100,0.765400,0.319000,0.093700,0.580300,0.673700,0.237600,0.579000]"
132,"[0.286000,0.558400,0.036000,0.817600,0.675300,0.059700,0.012200,0.544700]"
133,"[0.258800,0.334600,0.540600,0.305000,0.632600,0.236100,0.042300,0.832600]"
134,"[0.233800,0.136800,0.000200,0.696500,0.587100,0.267000,0.638600,0.077600]"
135,"[0.614100,0.088100,0.061900,0.844800,0.275200,0.024600,0.303100,0.278100]"
136,"[0.705900,0.660800,0.699200,0.097900,0.863400,0.543300,0.256800,0.528800]"
137,"[0.381900,0.640600,0.146000,0.050000,0.192600,0.578500,0.429400,0.588900]"
138,"[0.101100,0.370100,0.248800,0.851000,0.591800,0.279600,0.747200,0.288200]"
139,"[0.703700,0.591700,0.258300,0.069600,0.435000,0.639700,0.639400,0.898800]"
140,"[0.482900,0.605600,0.675200,0.479700,0.186700,0.411600,0.789000,0.320600]"
141,"[0.443800,0.745400,0.721700,0.176600,0.063900,0.702400,0.030300,0.519100]"
142,"[0.038600,0.890100,0.890600,0.186700,0.748000,0.424300,0.038900,0.303200]"
143,"[0.367100,0.493300,0.264400,0.840100,0.656000,0.268600,0.698800,0.730100]"
144,"[0.425600,0.298200,0.282200,0.103200,0.839400,0.518100,0.245100,0.096700]"
145,"[0.230200,0.765400,0.521700,0.833200,0.095500,0.687100,0.417200,0.870700]"
146,"[0.257400,0.273100,0.609900,0.397800,0.720600,0.714900,0.502200,0.838200]"
147,"[0.216300,0.289300,0.376300,0.205300,0.122100,0.335700,0.370900,0.190400]"
148,"[0.652000,0.614200,0.573700,0.336800,0.671300,0.336100,0.244900,0.491400]"
149,"[0.537100,0.225000,0.673500,0.285300,0.171600,0.477700,0.385800,0.545700]"
150,"[0.111600,0.756100,0.426200,0.541200,0.070200,0.286300,0.124800,0.199800]"
151,"[0.102800,0.739700,0.137800,0.897000,0.263100,0.105300,0.576000,0.245600]"
152,"[0.522000,0.018500,0.283100,0.649100,0.730200,0.596200,0.401700,0.600100]"
153,"[0.265000,0.606000,0.384800,0.084800,0.012800,0.259700,0.120200,0.303000]"
154,"[0.428400,0.820900,0.437200,0.541400,0.016500,0.748600,0.076500,0.276500]"
155,"[0.816100,0.320500,0.701000,0.159300,0.659100,0.242700,0.815400,0.229300]"
156,"[0.507800,0.252000,0.114400,0.208400,0.874100,0.370300,0.006000,0.131300]"
157,"[0.697400,0.812200,0.228000,0.231100,0.330500,0.075100,0.274800,0.623800]"
158,"[0.341800,0.317200,0.210300,0.065500,0.800100,0.704400,0.646500,0.624000]"
159,"[0.679100,0.117500,0.899500,0.271600,0.567700,0.502600,0.791100,0.029600]"
160,"[0.341600,0.001500,0.010400,0.147200,0.829600,0.345600,0.339200,0.677200]"
161,"[0.011800,0.800300,0.254600,0.059800,0.336800,0.823000,0.522100,0.742600]"
162,"[0.782800,0.870000,0.461900,0.730400,0.032400,0.272000,0.224200,0.322800]"
163,"[0.130300,0.101700,0.447900,0.595200,0.552400,0.407500,0.579600,0.865300]"
164,"[0.874000,0.819900,0.823200,0.318000,0.656900,0.532700,0.018300,0.148800]"
165,"[0.691000,0.612300,0.054500,0.401200,0.126400,0.799700,0.554700,0.312400]"
166,"[0.092100,0.370800,0.705300,0.142400,0.618900,0.541900,0.808700,0.245900]"
167,"[0.127200,0.188300,0.441300,0.312600,0.120900,0.619600,0.449400,0.675900]"
168,"[0.882600,0.262600,0.507000,0.511300,0.553800,0.013800,0.271000,0.757800]"
169,"[0.305400,0.198200,0.154900,0.798100,0.508700,0.021600,0.692100,0.459800]"
170,"[0.069500,0.859200,0.218200,0.840500,0.495000,0.720300,0.251700,0.330000]"
171,"[0.827900,0.638200,0.721700,0.552400,0.648100,0.116700,0.055400,0.386500]"
172,"[0.778600,0.109300,0.844200,0.681300,0.721500,0.015000,0.393500,0.552000]"
173,"[0.128200,0.220300,0.526900,0.545900,0.886500,0.560400,0.092600,0.356400]"
174,"[0.839400,0.315800,0.467500,0.100200,0.350500,0.773100,0.319300,0.048300]"
175,"[0.631000,0.662000,0.412200,0.383500,0.864900,0.261300,0.067600,0.638400]"
176,"[0.138400,0.318800,0.510300,0.206000,0.771400,0.693100,0.203600,0.378300]"
177,"[0.216100,0.428100,0.184200,0.802600,0.487100,0.373600,0.485800,0.009700]"
178,"[0.853600,0.505000,0.299300,0.139700,0.690100,0.173200,0.193500,0.060500]"
179,"[0.269400,0.116500,0.850100,0.340400,0.352900,0.184000,0.076100,0.636600]"
180,"[0.653000,0.122500,0.179300,0.045300,0.023700,0.037000,0.245300,0.714400]"
181,"[0.657000,0.073300,0.290500,0.384700,0.826000,0.284000,0.764900,0.840100]"
182,"[0.245200,0.811700,0.861100,0.871000,0.563100,0.085800,0.339700,0.839100]"
183,"[0.756000,0.785200,0.869900,0.716400,0.227400,0.232200,0.595100,0.655500]"
184,"[0.663100,0.462100,0.335300,0.643800,0.137200,0.249000,0.461200,0.528400]"
185,"[0.601400,0.728600,0.690500,0.612600,0.006100,0.725500,0.232300,0.480500]"
186,"[0.285400,0.474700,0.613800,0.221600,0.504700,0.370800,0.181800,0.594300]"
187,"[0.666700,0.216700,0.540900,0.419900,0.792700,0.035700,0.213200,0.049900]"
188,"[0.361300,0.201200,0.875900,0.004200,0.566600,0.875700,0.537000,0.412100]"
189,"[0.760900,0.488400,0.033500,0.664300,0.317300,0.745500,0.493900,0.817600]"
190,"[0.498900,0.551300,0.106700,0.629700,0.825700,0.649700,0.083900,0.428500]"
191,"[0.114800,0.686400,0.481700,0.673400,0.043700,0.400400,0.043800,0.372200]"
192,"[0.109800,0.234400,0.233800,0.741900,0.484200,0.327300,0.879800,0.317300]"
193,"[0.527400,0.396000,0.232200,0.471200,0.046300,0.267000,0.498700,0.177200]"
194,"[0.225600,0.240500,0.887700,0.141900,0.215800,0.544800,0.392900,0.031400]"
195,"[0.767300,0.011000,0.295600,0.701100,0.178300,0.704400,0.526000,0.607000]"
196,"[0.645000,0.853500,0.305300,0.878500,0.852500,0.758200,0.185800,0.071000]"
197,"[0.812800,0.574100,0.770600,0.291700,0.177600,0.269400,0.712100,0.525100]"
198,"[0.036800,0.513400,0.707600,0.829500,0.376500,0.218200,0.816800,0.576200]"
199,"[0.594500,0.106400,0.516000,0.316800,0.643200,0.737200,0.260800,0.788600]"
200,"[0.091100,0.582100,0.067300,0.258700,0.491000,0.467800,0.600500,0.138300]"
201,"[0.541700,0.225500,0.755700,0.108000,0.529200,0.834100,0.656000,0.047300]"
202,"[0.297200,0.478000,0.645600,0.113200,0.234900,0.771300,0.709900,0.876700]"
203,"[0.316800,0.841100,0.480500,0.267700,0.728300,0.135200,0.209300,0.312000]"
204,"[0.073200,0.157500,0.641000,0.393800,0.286500,0.895900,0.227000,0.494600]"
205,"[0.791100,0.400400,0.419600,0.214000,0.581100,0.208200,0.001500,0.808900]"
206,"[0.844600,0.600000,0.436200,0.384600,0.297900,0.631500,0.760700,0.037500]"
207,"[0.273400,0.733900,0.156700,0.453100,0.061900,0.745600,0.011400,0.383700]"
208,"[0.400000,0.346500,0.202700,0.663100,0.346700,0.244300,0.452500,0.677100]"
209,"[0.556500,0.233900,0.627200,0.821900,0.207700,0.481600,0.216300,0.043800]"
210,"[0.895800,0.310500,0.526300,0.530900,0.763900,0.767100,0.763300,0.410900]"
211,"[0.361600,0.666000,0.203100,0.231100,0.565200,0.297100,0.505200,0.563700]"
212,"[0.484900,0.680100,0.425600,0.491400,0.536500,0.862900,0.474800,0.181300]"
213,"[0.323500,0.364300,0.467400,0.833000,0.155800,0.389600,0.496600,0.469600]"
214,"[0.642000,0.371400,0.454300,0.145200,0.817800,0.230400,0.792300,0.331200]"
215,"[0.252700,0.157300,0.415200,0.316300,0.540000,0.611500,0.578700,0.641000]"
216,"[0.467700,0.771400,0.408700,0.641100,0.759000,0.142000,0.550800,0.621800]"
217,"[0.188800,0.564100,0.354400,0.406200,0.352900,0.047800,0.824900,0.352700]"
218,"[0.400200,0.438400,0.452900,0.647300,0.370300,0.073600,0.209800,0.813700]"
219,"[0.295300,0.766100,0.161300,0.666100,0.360900,0.104200,0.072400,0.077900]"
220,"[0.220300,0.569900,0.108300,0.145800,0.441000,0.074900,0.622800,0.381700]"
221,"[0.055200,0.778700,0.831600,0.136000,0.060000,0.137600,0.388300,0.432300]"
222,"[0.195600,0.719800,0.728500,0.214100,0.342500,0.626200,0.574400,0.804900]"
223,"[0.297500,0.891300,0.118100,0.258200,0.090700,0.502100,0.511800,0.790900]"
224,"[0.483300,0.260700,0.037600,0.058300,0.083600,0.727400,0.719000,0.505700]"
225,"[0.281300,0.038000,0.450400,0.254800,0.503400,0.380600,0.213000,0.726600]"
226,"[0.841600,0.121000,0.439500,0.126000,0.727300,0.048000,0.216700,0.527400]"
227,"[0.447000,0.324000,0.306400,0.820200,0.055900,0.581200,0.683400,0.350600]"
228,"[0.645400,0.395400,0.704100,0.362500,0.137300,0.211900,0.000300,0.303700]"
229,"[0.141600,0.284100,0.048600,0.335200,0.243600,0.207700,0.098000,0.458400]"
230,"[0.294300,0.369500,0.529100,0.591900,0.882200,0.734700,0.728900,0.381600]"
231,"[0.209400,0.555300,0.143200,0.046100,0.099000,0.770300,0.142500,0.194300]"
232,"[0.185100,0.616800,0.402100,0.186300,0.742900,0.395800,0.880000,0.083400]"
233,"[0.469400,0.562900,0.228400,0.704900,0.738900,0.141000,0.112700,0.121800]"
234,"[0.741000,0.087900,0.472500,0.384300,0.069000,0.683500,0.346400,0.704600]"
235,"[0.381400,0.509800,0.463600,0.328400,0.012900,0.120900,0.407300,0.485100]"
236,"[0.158200,0.306300,0.342600,0.213700,0.277700,0.790700,0.573800,0.033000]"
237,"[0.085900,0.632100,0.543700,0.333500,0.619800,0.387300,0.865700,0.124300]"
238,"[0.123500,0.370500,0.063200,0.825400,0.894400,0.096100,0.376800,0.470600]"
239,"[0.373700,0.733600,0.328700,0.841700,0.877600,0.797900,0.485700,0.786900]"
240,"[0.142800,0.324700,0.614500,0.700300,0.575500,0.766200,0.098400,0.454800]"
241,"[0.010900,0.372000,0.848700,0.534200,0.015000,0.290500,0.488000,0.170400]"
242,"[0.404700,0.390400,0.098100,0.051800,0.805900,0.386800,0.471100,0.607200]"
243,"[0.181400,0.053200,0.593000,0.393800,0.334400,0.097600,0.167400,0.127200]"
244,"[0.048200,0.584300,0.199400,0.054500,0.201400,0.283600,0.071200,0.222400]"
245,"[0.168800,0.184200,0.308200,0.862300,0.571700,0.453700,0.851700,0.402500]"
246,"[0.345500,0.655300,0.355400,0.304500,0.125800,0.489600,0.368000,0.635200]"
247,"[0.364800,0.563000,0.841900,0.328300,0.423800,0.461400,0.805200,0.020700]"
248,"[0.101400,0.693100,0.241100,0.879800,0.394600,0.883000,0.449800,0.228600]"
249,"[0.131600,0.183800,0.636100,0.065700,0.820000,0.109100,0.125400,0.457500]"
250,"[0.772900,0.586100,0.629300,0.132800,0.425200,0.196300,0.458700,0.417800]"
251,"[0.353500,0.359600,0.345200,0.855500,0.829700,0.122500,0.074500,0.166500]"
252,"[0.247000,0.634500,0.632700,0.370600,0.560500,0.280300,0.321400,0.300100]"
253,"[0.869900,0.245700,0.487000,0.614000,0.328100,0.025700,0.039300,0.587400]"
254,"[0.634900,0.476400,0.109300,0.764800,0.799000,0.680400,0.318600,0.576400]"
255,"[0.811800,0.040400,0.407200,0.472200,0.578000,0.258200,0.213300,0.284900]"
256,"[0.573900,0.083100,0.681300,0.203100,0.203000,0.350700,0.149600,0.008200]"
257,"[0.100200,0.402300,0.711000,0.526600,0.044000,0.302500,0.778500,0.656700]"
258,"[0.227100,0.805800,0.564000,0.317700,0.258600,0.633100,0.820300,0.463000]"
259,"[0.106400,0.444200,0.686500,0.631400,0.124900,0.306000,0.192400,0.361900]"
260,"[0.791800,0.529700,0.822800,0.592900,0.588400,0.327700,0.551900,0.470300]"
261,"[0.575700,0.262800,0.063500,0.875700,0.612700,0.495300,0.190700,0.034000]"
262,"[0.619700,0.089100,0.646900,0.767800,0.480100,0.562400,0.589800,0.163100]"
263,"[0.479800,0.423900,0.148900,0.116500,0.001500,0.130800,0.865700,0.287900]"
264,"[0.301700,0.015900,0.576300,0.051200,0.208700,0.243600,0.434600,0.257900]"
265,"[0.303200,0.860800,0.403100,0.820100,0.116900,0.414100,0.569200,0.083400]"
266,"[0.109300,0.704700,0.049800,0.691500,0.814400,0.715600,0.179800,0.040600]"
267,"[0.640000,0.332500,0.856700,0.072400,0.148800,0.365400,0.071200,0.777200]"
268,"[0.188800,0.638900,0.461800,0.784700,0.660100,0.234200,0.646100,0.315100]"
269,"[0.757600,0.774400,0.642500,0.560400,0.753700,0.321200,0.863100,0.543400]"
270,"[0.159800,0.813300,0.565600,0.103400,0.807200,0.534700,0.234000,0.277800]"
271,"[0.036300,0.177200,0.843700,0.392900,0.415700,0.317400,0.720300,0.301900]"
272,"[0.065000,0.721700,0.703100,0.665800,0.227900,0.190600,0.588700,0.234600]"
273,"[0.486700,0.521600,0.675400,0.057900,0.249300,0.654600,0.480500,0.349800]"
274,"[0.016200,0.350200,0.121300,0.207500,0.818000,0.043900,0.308000,0.028600]"
275,"[0.550000,0.038200,0.710100,0.346700,0.126700,0.891500,0.324100,0.366100]"
276,"[0.614100,0.070800,0.506900,0.184600,0.865900,0.740700,0.814800,0.765400]"
277,"[0.482100,0.060700,0.783400,0.280000,0.711300,0.229000,0.203400,0.555800]"
278,"[0.590900,0.881400,0.167800,0.852700,0.750400,0.470600,0.160600,0.017300]"
279,"[0.154000,0.213300,0.303000,0.804200,0.665000,0.526100,0.372000,0.095500]"
280,"[0.536300,0.225900,0.000400,0.251400,0.396800,0.402800,0.886400,0.578700]"
281,"[0.253700,0.287600,0.345400,0.820400,0.027200,0.223900,0.083400,0.561000]"
282,"[0.296600,0.094800,0.799500,0.509100,0.281900,0.039500,0.138800,0.610400]"
283,"[0.507500,0.150500,0.010100,0.754900,0.722500,0.432500,0.416200,0.627000]"
284,"[0.589700,0.558000,0.114600,0.297500,0.290400,0.339300,0.702200,0.779900]"
285,"[0.151900,0.797400,0.672900,0.049100,0.106700,0.129400,0.458700,0.667300]"
286,"[0.471500,0.389700,0.763200,0.600700,0.599600,0.385800,0.458600,0.705800]"
287,"[0.399500,0.202400,0.056400,0.872200,0.474600,0.645000,0.623400,0.053800]"
288,"[0.843900,0.321300,0.748600,0.613100,0.009200,0.856800,0.570400,0.792200]"
289,"[0.219800,0.872800,0.587700,0.882700,0.444900,0.279700,0.066200,0.075100]"
290,"[0.625800,0.062300,0.207100,0.860600,0.376800,0.339900,0.379100,0.846600]"
291,"[0.570300,0.830900,0.324200,0.188300,0.699000,0.759100,0.710500,0.328800]"
292,"[0.735200,0.269900,0.777900,0.690700,0.501200,0.425800,0.522900,0.444600]"
293,"[0.122500,0.184800,0.166000,0.101600,0.725500,0.150100,0.293200,0.589500]"
294,"[0.278900,0.282000,0.226800,0.219700,0.607500,0.044000,0.306900,0.426000]"
295,"[0.138900,0.221200,0.174900,0.216900,0.089500,0.228500,0.840500,0.270400]"
296,"[0.749500,0.783900,0.303200,0.800400,0.105100,0.518100,0.622700,0.345000]"
297,"[0.316900,0.235900,0.441800,0.564900,0.550700,0.690500,0.214500,0.262900]"
298,"[0.687200,0.129800,0.067500,0.376700,0.771300,0.690400,0.120900,0.029200]"
299,"[0.455800,0.707300,0.351700,0.562600,0.034300,0.495800,0.390500,0.577400]"
300,"[0.680200,0.043300,0.311800,0.645600,0.063000,0.325500,0.866800,0.653100]"
301,"[0.582500,0.018100,0.874700,0.648900,0.648300,0.704100,0.697200,0.368100]"
302,"[0.508600,0.324400,0.313400,0.821800,0.889300,0.047400,0.391800,0.294300]"
303,"[0.401800,0.365100,0.496400,0.258700,0.178400,0.442700,0.392600,0.558300]"
304,"[0.861800,0.105000,0.222200,0.128300,0.880500,0.030700,0.794400,0.013700]"
305,"[0.734800,0.878900,0.863100,0.082100,0.801900,0.323000,0.548300,0.502800]"
306,"[0.434100,0.869700,0.796700,0.794800,0.312200,0.456200,0.298500,0.401400]"
307,"[0.838300,0.613700,0.851700,0.899300,0.720100,0.876400,0.104100,0.359500]"
308,"[0.028300,0.801800,0.508900,0.338400,0.526100,0.705000,0.607400,0.787700]"
309,"[0.465700,0.499700,0.069000,0.254600,0.208400,0.822100,0.574700,0.381000]"
310,"[0.089300,0.581500,0.038700,0.678400,0.487500,0.454300,0.293500,0.432500]"
311,"[0.555600,0.078000,0.583900,0.738700,0.084100,0.496800,0.872200,0.143700]"
312,"[0.134000,0.779800,0.098800,0.165400,0.183800,0.419000,0.759300,0.235600]"
313,"[0.362600,0.821900,0.755600,0.083600,0.648800,0.013600,0.482400,0.016600]"
314,"[0.532200,0.512000,0.473300,0.336800,0.850300,0.532400,0.816500,0.320600]"
315,"[0.061400,0.070600,0.586800,0.212200,0.121000,0.395500,0.074700,0.880300]"
316,"[0.764900,0.627900,0.825600,0.837300,0.149600,0.536400,0.697800,0.823100]"
317,"[0.784200,0.381300,0.417100,0.858300,0.242800,0.484200,0.301600,0.735800]"
318,"[0.189200,0.820300,0.597800,0.010300,0.531200,0.192000,0.267000,0.373500]"
319,"[0.677800,0.592000,0.531600,0.880800,0.640400,0.047400,0.298400,0.041700]"
320,"[0.156500,0.709100,0.689900,0.525500,0.397000,0.639800,0.686100,0.200600]"
321,"[0.261800,0.692300,0.723500,0.250400,0.839000,0.280000,0.799000,0.346000]"
322,"[0.299400,0.805900,0.471700,0.858600,0.792200,0.650200,0.675700,0.860500]"
323,"[0.195600,0.796100,0.739300,0.235000,0.063700,0.553300,0.881000,0.305000]"
324,"[0.010200,0.664200,0.016200,0.456300,0.647200,0.010700,0.644900,0.833600]"
325,"[0.042400,0.883300,0.893500,0.424400,0.490500,0.795200,0.850900,0.797100]"
326,"[0.785100,0.410300,0.183300,0.769700,0.255900,0.718900,0.386100,0.703400]"
327,"[0.237300,0.746900,0.089400,0.391800,0.503300,0.876700,0.707500,0.314800]"
328,"[0.059400,0.355400,0.168300,0.302400,0.531500,0.809900,0.458200,0.382100]"
329,"[0.212300,0.899200,0.820400,0.274700,0.073200,0.222100,0.605300,0.394100]"
330,"[0.372100,0.839100,0.271300,0.110200,0.553400,0.797600,0.604300,0.117200]"
331,"[0.068200,0.609500,0.269300,0.863600,0.736100,0.778300,0.317000,0.742000]"
332,"[0.421900,0.626200,0.811500,0.319800,0.251600,0.327300,0.159300,0.754400]"
333,"[0.167700,0.280700,0.424400,0.092700,0.596700,0.717900,0.305800,0.730800]"
334,"[0.542600,0.752800,0.131000,0.765600,0.401500,0.506800,0.300500,0.872900]"
335,"[0.724300,0.306400,0.156400,0.743400,0.817600,0.606800,0.100600,0.255600]"
336,"[0.793700,0.553400,0.350900,0.347600,0.105800,0.745700,0.592700,0.009200]"
337,"[0.831900,0.012100,0.470100,0.183000,0.423800,0.243900,0.358700,0.346800]"
338,"[0.754700,0.387100,0.661900,0.267500,0.016700,0.652700,0.450800,0.700600]"
339,"[0.814600,0.039200,0.411300,0.336000,0.144300,0.012800,0.196700,0.273600]"
340,"[0.451100,0.666800,0.673700,0.350200,0.174500,0.592500,0.340600,0.766400]"
341,"[0.770500,0.679900,0.443000,0.375500,0.552700,0.428100,0.430500,0.325400]"
342,"[0.386500,0.717700,0.561000,0.491400,0.183000,0.841400,0.321900,0.624400]"
343,"[0.512100,0.820900,0.364800,0.567400,0.748100,0.894400,0.762800,0.007600]"
344,"[0.618000,0.404100,0.210700,0.718700,0.159200,0.100300,0.324400,0.022500]"
345,"[0.050000,0.485100,0.693900,0.780000,0.897900,0.206500,0.138500,0.582600]"
346,"[0.550800,0.461600,0.476800,0.417200,0.552300,0.000000,0.379300,0.625200]"
347,"[0.359000,0.795700,0.833400,0.714900,0.818700,0.222300,0.603000,0.140500]"
348,"[0.393000,0.554300,0.661200,0.694500,0.182500,0.550700,0.026700,0.307200]"
349,"[0.461500,0.366300,0.200700,0.038700,0.271800,0.181700,0.584400,0.333300]"
350,"[0.505400,0.550500,0.297000,0.855300,0.307300,0.736800,0.731000,0.213600]"
351,"[0.315000,0.793200,0.756000,0.592700,0.262500,0.573100,0.594600,0.587800]"
352,"[0.762400,0.447800,0.629000,0.886500,0.488400,0.474600,0.524900,0.585100]"
353,"[0.710900,0.648400,0.465600,0.610300,0.470700,0.264700,0.282000,0.261700]"
354,"[0.600600,0.476100,0.323800,0.220400,0.184100,0.749500,0.301700,0.176200]"
355,"[0.850000,0.169900,0.735000,0.561300,0.804900,0.441200,0.003700,0.693200]"
356,"[0.242700,0.234100,0.504300,0.698900,0.141500,0.711300,0.021600,0.058300]"
357,"[0.579400,0.307100,0.649400,0.571400,0.542900,0.134300,0.872400,0.501100]"
358,"[0.679300,0.631900,0.555600,0.283000,0.392700,0.353900,0.897400,0.266900]"
359,"[0.379400,0.105400,0.298600,0.770300,0.505200,0.737500,0.309100,0.273400]"
360,"[0.218400,0.581500,0.080000,0.348400,0.020600,0.554400,0.086600,0.229400]"
361,"[0.590600,0.172800,0.308300,0.288000,0.886600,0.563800,0.333100,0.043300]"
362,"[0.424700,0.038600,0.887900,0.643100,0.159700,0.641300,0.217100,0.396200]"
363,"[0.611900,0.411900,0.799300,0.437900,0.644100,0.077500,0.061300,0.131700]"
364,"[0.434700,0.794100,0.547100,0.559400,0.422700,0.342800,0.481800,0.149100]"
365,"[0.176700,0.195600,0.508900,0.815900,0.680800,0.264000,0.114800,0.873500]"
366,"[0.855600,0.511700,0.108100,0.059500,0.856400,0.342800,0.752300,0.805500]"
367,"[0.468500,0.218300,0.531700,0.675500,0.188500,0.819900,0.866300,0.363500]"
368,"[0.124900,0.677400,0.056400,0.565700,0.118700,0.845700,0.432400,0.467500]"
369,"[0.757700,0.738000,0.063600,0.550700,0.137700,0.106100,0.383100,0.520800]"
370,"[0.473100,0.261700,0.621200,0.589500,0.844000,0.333700,0.179400,0.394900]"
371,"[0.167600,0.810500,0.728700,0.393800,0.243600,0.333900,0.519000,0.124500]"
372,"[0.702100,0.356900,0.425100,0.680000,0.273400,0.384200,0.231200,0.710900]"
373,"[0.345600,0.563100,0.712100,0.567100,0.141900,0.226900,0.575800,0.730500]"
374,"[0.678600,0.004600,0.829100,0.525000,0.135000,0.344900,0.596400,0.174200]"
375,"[0.838500,0.248900,0.222700,0.184000,0.726400,0.606400,0.571100,0.398000]"
376,"[0.283300,0.139700,0.661300,0.832500,0.028200,0.043600,0.526900,0.804400]"
377,"[0.884400,0.117500,0.742100,0.245400,0.321700,0.156500,0.113500,0.514300]"
378,"[0.872000,0.587500,0.039100,0.849400,0.404300,0.672800,0.681000,0.438600]"
379,"[0.825400,0.520500,0.474300,0.367600,0.282000,0.410500,0.559000,0.664500]"
380,"[0.202400,0.854800,0.088300,0.346500,0.316600,0.253700,0.899300,0.285800]"
381,"[0.840100,0.446900,0.668800,0.159300,0.064800,0.364900,0.112600,0.773300]"
382,"[0.771800,0.235100,0.180000,0.432000,0.266700,0.527700,0.478200,0.699100]"
383,"[0.231300,0.389900,0.792700,0.871700,0.216000,0.836600,0.849400,0.481600]"
384,"[0.628800,0.383400,0.029100,0.513900,0.119000,0.490300,0.253000,0.264000]"
385,"[0.483900,0.639600,0.348600,0.855100,0.535600,0.872200,0.645500,0.776600]"
386,"[0.395200,0.727000,0.350300,0.050100,0.172700,0.177100,0.179800,0.063900]"
387,"[0.709200,0.240800,0.367000,0.666500,0.153900,0.415500,0.239700,0.366000]"
388,"[0.457800,0.842300,0.136600,0.167500,0.127000,0.786500,0.803900,0.060600]"
389,"[0.644700,0.817300,0.281400,0.420400,0.671900,0.687000,0.162700,0.372600]"
390,"[0.488700,0.447600,0.291800,0.264100,0.377500,0.504300,0.865900,0.485100]"
391,"[0.533400,0.812400,0.299300,0.760600,0.202400,0.182700,0.545100,0.163200]"
392,"[0.866300,0.458800,0.333600,0.468600,0.444600,0.353000,0.044500,0.049500]"
393,"[0.844100,0.210300,0.831800,0.172100,0.618000,0.842100,0.566400,0.632800]"
394,"[0.583900,0.285400,0.690200,0.471900,0.193800,0.458600,0.707600,0.348300]"
395,"[0.205200,0.172300,0.061700,0.006300,0.515500,0.750100,0.277200,0.079600]"
396,"[0.251700,0.458700,0.369900,0.447700,0.129500,0.382700,0.375000,0.050500]"
397,"[0.770900,0.891200,0.266300,0.363800,0.409600,0.314800,0.191500,0.234900]"
398,"[0.235500,0.782000,0.134700,0.134200,0.335100,0.615400,0.572400,0.103200]"
399,"[0.388100,0.175900,0.726100,0.343700,0.400400,0.504300,0.028200,0.048600]"
400,"[0.339100,0.258100,0.794000,0.503600,0.530300,0.132200,0.454700,0.066000]"
401,"[0.098000,0.731900,0.559900,0.880100,0.509100,0.643100,0.518700,0.875700]"
402,"[0.575100,0.352100,0.626100,0.657200,0.551300,0.668200,0.356900,0.414900]"
403,"[0.094400,0.775000,0.437300,0.400800,0.401600,0.461300,0.854900,0.805800]"
404,"[0.037900,0.158300,0.610000,0.412200,0.427600,0.556400,0.824000,0.562200]"
405,"[0.323500,0.558400,0.358400,0.349700,0.637100,0.633200,0.101000,0.534300]"
406,"[0.698900,0.749700,0.333100,0.749700,0.173700,0.254900,0.112300,0.101600]"
407,"[0.531600,0.755600,0.862900,0.101700,0.519400,0.614600,0.024300,0.647500]"
408,"[0.633500,0.620500,0.179600,0.454100,0.616800,0.666700,0.031600,0.815000]"
409,"[0.742000,0.103800,0.476300,0.271000,0.792900,0.349100,0.759900,0.137900]"
410,"[0.807100,0.689300,0.011600,0.806600,0.305900,0.782500,0.786200,0.640700]"
411,"[0.557700,0.047300,0.161800,0.390400,0.283700,0.523300,0.721700,0.233700]"
412,"[0.310000,0.210900,0.088600,0.769300,0.730700,0.794300,0.677500,0.194600]"
413,"[0.604700,0.647600,0.211200,0.266600,0.822200,0.733200,0.330100,0.626500]"
414,"[0.317200,0.084000,0.351200,0.336400,0.488900,0.672900,0.781100,0.053000]"
415,"[0.664300,0.078300,0.199100,0.768300,0.672600,0.149300,0.395800,0.859900]"
416,"[0.447700,0.398600,0.792900,0.197800,0.889900,0.642800,0.749900,0.062700]"
417,"[0.001100,0.840800,0.406700,0.790900,0.238700,0.001700,0.640200,0.788000]"
418,"[0.182300,0.660800,0.309900,0.316800,0.153100,0.338700,0.880400,0.866100]"
419,"[0.364400,0.839500,0.861700,0.777900,0.228700,0.690200,0.221300,0.028100]"
420,"[0.236300,0.540200,0.846800,0.677200,0.379900,0.827100,0.468900,0.542700]"
421,"[0.597800,0.584100,0.782900,0.764800,0.582500,0.211800,0.771700,0.541200]"
422,"[0.237400,0.327400,0.448500,0.378400,0.061000,0.351000,0.386900,0.684800]"
423,"[0.281600,0.188400,0.439900,0.157300,0.107800,0.439900,0.316100,0.389400]"
424,"[0.590100,0.315000,0.214200,0.130400,0.493100,0.848000,0.085900,0.665100]"
425,"[0.163000,0.850100,0.141900,0.489500,0.694600,0.049700,0.119600,0.469700]"
426,"[0.754500,0.435800,0.121700,0.227700,0.134100,0.123100,0.296700,0.511300]"
427,"[0.180600,0.450200,0.768900,0.624700,0.499700,0.889400,0.229600,0.131600]"
428,"[0.465800,0.048000,0.596000,0.670400,0.143700,0.736500,0.344000,0.181400]"
429,"[0.080600,0.571100,0.748200,0.287600,0.613900,0.605300,0.458200,0.612500]"
430,"[0.658400,0.471800,0.227500,0.285600,0.712200,0.869200,0.787500,0.727200]"
431,"[0.052100,0.613400,0.353600,0.190300,0.610700,0.254500,0.839600,0.679500]"
432,"[0.560900,0.609300,0.507200,0.116900,0.092500,0.521400,0.188200,0.705700]"
433,"[0.456700,0.766800,0.095500,0.168900,0.854500,0.319200,0.730600,0.265500]"
434,"[0.689900,0.601500,0.025400,0.569800,0.743500,0.277200,0.009000,0.287400]"
435,"[0.170600,0.008700,0.109400,0.738700,0.853800,0.166800,0.876400,0.282900]"
436,"[0.478400,0.693200,0.182400,0.650600,0.487200,0.326400,0.589000,0.316300]"
437,"[0.385100,0.326900,0.268100,0.147100,0.352900,0.016600,0.493800,0.642500]"
438,"[0.288100,0.091900,0.160700,0.037400,0.263300,0.734800,0.350100,0.634000]"
439,"[0.339100,0.515800,0.532000,0.058900,0.021900,0.834100,0.677100,0.089100]"
440,"[0.385000,0.122200,0.853900,0.192000,0.569900,0.329700,0.142900,0.549400]"
441,"[0.260500,0.792800,0.025100,0.112700,0.520800,0.613900,0.230100,0.061000]"
442,"[0.428900,0.542400,0.497500,0.897500,0.433000,0.830000,0.599100,0.496500]"
443,"[0.360100,0.755700,0.288200,0.218700,0.155500,0.132500,0.408000,0.447700]"
444,"[0.248800,0.034900,0.620300,0.242900,0.523600,0.412800,0.149600,0.740300]"
445,"[0.191200,0.094600,0.291300,0.657600,0.121000,0.109000,0.697600,0.342100]"
446,"[0.498000,0.560300,0.453000,0.723300,0.518900,0.657800,0.394300,0.067500]"
447,"[0.700000,0.349200,0.494500,0.634100,0.302300,0.674500,0.794000,0.207700]"
448,"[0.375300,0.486100,0.732600,0.756400,0.820500,0.831300,0.328600,0.207700]"
449,"[0.306500,0.158700,0.639700,0.838100,0.344100,0.380700,0.393900,0.260700]"
450,"[0.876700,0.105400,0.499500,0.407600,0.432900,0.168700,0.850800,0.129400]"
451,"[0.146700,0.487100,0.592900,0.429200,0.536600,0.269300,0.487600,0.493700]"
452,"[0.141600,0.337000,0.454100,0.201200,0.638000,0.121800,0.818100,0.765500]"
453,"[0.269500,0.600100,0.109000,0.438300,0.258100,0.065000,0.896600,0.301400]"
454,"[0.501800,0.572400,0.114300,0.414200,0.246200,0.386300,0.687200,0.046300]"
455,"[0.472300,0.686100,0.069700,0.002800,0.642400,0.270500,0.086200,0.515200]"
456,"[0.099000,0.139800,0.099900,0.133000,0.264100,0.347800,0.265800,0.305100]"
457,"[0.553400,0.870900,0.636800,0.507200,0.186100,0.547200,0.425100,0.380600]"
458,"[0.196100,0.044900,0.834600,0.851100,0.522900,0.280300,0.758000,0.648200]"
459,"[0.737900,0.252500,0.436500,0.322900,0.576400,0.135100,0.720700,0.440300]"
460,"[0.339900,0.837200,0.839400,0.512700,0.249700,0.735400,0.098300,0.584000]"
461,"[0.448600,0.483100,0.503800,0.738600,0.851900,0.265300,0.272900,0.797600]"
462,"[0.635900,0.683100,0.759200,0.342900,0.616900,0.832400,0.247400,0.733300]"
463,"[0.867700,0.472900,0.363000,0.693100,0.489400,0.889600,0.591300,0.891500]"
464,"[0.304300,0.554100,0.176900,0.406300,0.641100,0.044500,0.858300,0.871100]"
465,"[0.528400,0.188800,0.180600,0.204300,0.308800,0.806700,0.600500,0.359400]"
466,"[0.133700,0.743500,0.354800,0.633800,0.467000,0.001600,0.337200,0.082400]"
467,"[0.738600,0.154000,0.273200,0.273100,0.195800,0.597000,0.431300,0.543700]"
468,"[0.320300,0.177100,0.728000,0.555800,0.475500,0.304400,0.208800,0.048100]"
469,"[0.263200,0.038900,0.438700,0.639200,0.488300,0.239500,0.433100,0.376700]"
470,"[0.332500,0.076800,0.439200,0.849500,0.565300,0.844600,0.365000,0.826500]"
471,"[0.378500,0.044200,0.119100,0.655300,0.598300,0.269600,0.635700,0.452000]"
472,"[0.098200,0.493000,0.285300,0.144700,0.595200,0.583800,0.801700,0.032000]"
473,"[0.333200,0.806400,0.741600,0.176800,0.583900,0.592400,0.574800,0.184200]"
474,"[0.373100,0.128300,0.260100,0.721800,0.310200,0.710000,0.396900,0.204900]"
475,"[0.202600,0.482800,0.187800,0.515000,0.130400,0.406500,0.255400,0.303500]"
476,"[0.689700,0.074000,0.204100,0.383300,0.750200,0.147700,0.603600,0.379200]"
477,"[0.635900,0.563600,0.587500,0.156100,0.499800,0.126000,0.686800,0.635300]"
478,"[0.811100,0.483100,0.193300,0.595100,0.358000,0.832200,0.382200,0.031900]"
479,"[0.042500,0.518100,0.176200,0.708800,0.530100,0.531300,0.242800,0.458000]"
480,"[0.721800,0.083400,0.412700,0.816200,0.675700,0.829900,0.362000,0.400700]"
481,"[0.397900,0.680600,0.561400,0.794100,0.186800,0.567400,0.470700,0.148700]"
482,"[0.591700,0.107200,0.565700,0.389900,0.381200,0.587500,0.172100,0.088200]"
483,"[0.756100,0.543500,0.073100,0.784000,0.679800,0.877200,0.563800,0.860400]"
484,"[0.834100,0.355000,0.609000,0.872600,0.854900,0.282400,0.893100,0.779800]"
485,"[0.841700,0.568500,0.207300,0.824500,0.610400,0.889800,0.019600,0.478000]"
486,"[0.384400,0.780000,0.778500,0.114900,0.373400,0.257300,0.043000,0.096300]"
487,"[0.702300,0.376200,0.152500,0.575500,0.580200,0.617100,0.165800,0.776300]"
488,"[0.787600,0.728500,0.825000,0.650900,0.499800,0.258500,0.020700,0.392300]"
489,"[0.320200,0.629500,0.245000,0.489400,0.491400,0.636700,0.867300,0.517300]"
490,"[0.002000,0.716700,0.734000,0.188200,0.222600,0.727900,0.086600,0.048100]"
491,"[0.827700,0.088100,0.154800,0.821800,0.491100,0.565800,0.446100,0.513400]"
492,"[0.742500,0.852700,0.141800,0.117400,0.168400,0.777900,0.415700,0.849900]"
493,"[0.477900,0.177500,0.046400,0.048900,0.197300,0.394700,0.621300,0.453600]"
494,"[0.534000,0.167300,0.166400,0.024900,0.547400,0.075700,0.729300,0.874700]"
495,"[0.320700,0.055200,0.382400,0.273900,0.410900,0.426400,0.187000,0.779000]"
496,"[0.018000,0.413800,0.657600,0.077200,0.399200,0.215500,0.192900,0.328400]"
497,"[0.278100,0.229100,0.310400,0.025700,0.310900,0.542300,0.112100,0.256700]"
498,"[0.670900,0.777500,0.397100,0.226700,0.120100,0.671600,0.732300,0.547800]"
499,"[0.077900,0.106500,0.203900,0.472600,0.034800,0.145700,0.051600,0.144800]"
500,"[0.452300,0.413300,0.675000,0.730700,0.105100,0.122500,0.082900,0.074200]"
501,"[0.331300,0.014500,0.139600,0.561700,0.136600,0.261700,0.372200,0.373000]"
502,"[0.007800,0.369500,0.783200,0.360000,0.758900,0.510400,0.556900,0.180500]"
503,"[0.791000,0.042700,0.437400,0.743100,0.730700,0.519400,0.626300,0.350500]"
504,"[0.630100,0.581100,0.341000,0.433300,0.448700,0.128700,0.218900,0.059300]"
505,"[0.350100,0.592300,0.248200,0.379000,0.723600,0.660700,0.640900,0.279500]"
506,"[0.115400,0.596200,0.575700,0.898500,0.113600,0.146700,0.628600,0.044500]"
507,"[0.187900,0.741400,0.720400,0.088000,0.463900,0.196800,0.207500,0.798900]"
508,"[0.841200,0.759900,0.549200,0.323100,0.566200,0.240400,0.766900,0.611800]"
509,"[0.601400,0.098300,0.552300,0.826700,0.876900,0.164600,0.365300,0.152000]"
510,"[0.437400,0.490400,0.190500,0.356000,0.816000,0.804200,0.732100,0.569800]"
511,"[0.503300,0.292500,0.440400,0.495600,0.315500,0.859700,0.674800,0.417500]"
512,"[0.339900,0.318900,0.753000,0.708800,0.878200,0.428300,0.730200,0.894900]"
513,"[0.310700,0.013900,0.813000,0.583600,0.200300,0.879900,0.194600,0.337300]"
514,"[0.518600,0.714900,0.213100,0.435900,0.626900,0.423700,0.219900,0.399400]"
515,"[0.405100,0.130200,0.301700,0.155200,0.150800,0.045300,0.572800,0.685800]"
516,"[0.364200,0.887100,0.305900,0.017600,0.659900,0.459200,0.139300,0.195800]"
517,"[0.401500,0.142200,0.801300,0.476000,0.132400,0.880100,0.449900,0.601500]"
518,"[0.128500,0.829500,0.491300,0.537300,0.424100,0.672500,0.792500,0.032300]"
519,"[0.363900,0.274700,0.882400,0.656800,0.086100,0.215400,0.297200,0.841300]"
520,"[0.152500,0.631700,0.750900,0.345900,0.456400,0.584300,0.786100,0.532600]"
521,"[0.709700,0.789100,0.730000,0.426100,0.593500,0.371100,0.451800,0.400100]"
522,"[0.150100,0.676000,0.854100,0.634300,0.727800,0.001300,0.710200,0.444000]"
523,"[0.539500,0.489100,0.776400,0.306700,0.747300,0.582100,0.287400,0.508800]"
524,"[0.096000,0.460500,0.567400,0.082100,0.245700,0.275400,0.661000,0.330700]"
525,"[0.896400,0.860300,0.580600,0.682200,0.230900,0.488200,0.463900,0.171000]"
526,"[0.620100,0.429900,0.011300,0.310800,0.754600,0.839900,0.715700,0.592700]"
527,"[0.090400,0.574600,0.454400,0.126600,0.114000,0.326100,0.710600,0.891600]"
528,"[0.241600,0.885200,0.301400,0.021800,0.611900,0.498300,0.238600,0.861800]"
529,"[0.435500,0.481500,0.424400,0.744900,0.091500,0.855900,0.663200,0.172000]"
530,"[0.434800,0.862200,0.110000,0.426600,0.719900,0.773300,0.284400,0.727600]"
531,"[0.461700,0.272000,0.178100,0.044000,0.282100,0.776300,0.703600,0.506300]"
532,"[0.222200,0.805400,0.217500,0.674200,0.503800,0.486100,0.020000,0.460000]"
533,"[0.024900,0.718500,0.354500,0.086000,0.556300,0.323100,0.247400,0.108800]"
534,"[0.681200,0.067300,0.652100,0.885200,0.415500,0.064800,0.542300,0.509700]"
535,"[0.658800,0.722500,0.884800,0.510800,0.023800,0.357000,0.302500,0.289200]"
536,"[0.662500,0.856500,0.699300,0.516200,0.179200,0.649000,0.372200,0.249700]"
537,"[0.667500,0.491300,0.316900,0.324400,0.775200,0.873900,0.713900,0.056900]"
538,"[0.013900,0.832000,0.116100,0.165300,0.241300,0.870600,0.450400,0.070300]"
539,"[0.295100,0.433900,0.898000,0.228700,0.454800,0.198700,0.095400,0.355800]"
540,"[0.696700,0.703400,0.679900,0.187000,0.796700,0.467400,0.409400,0.766700]"
541,"[0.593100,0.098200,0.139100,0.585200,0.615700,0.363300,0.181900,0.632500]"
542,"[0.066300,0.237900,0.808900,0.125600,0.021300,0.400600,0.387700,0.265200]"
543,"[0.376900,0.392300,0.520400,0.238100,0.868700,0.824200,0.865900,0.756000]"
544,"[0.335500,0.440400,0.231500,0.608800,0.538600,0.633400,0.051300,0.729400]"
545,"[0.776200,0.049900,0.608900,0.295900,0.805900,0.330600,0.279400,0.117500]"
546,"[0.597400,0.058900,0.151200,0.351700,0.114000,0.180700,0.750200,0.687400]"
547,"[0.436900,0.852000,0.883900,0.634300,0.065000,0.882100,0.385400,0.866900]"
548,"[0.323500,0.619000,0.336000,0.276900,0.701900,0.869800,0.833400,0.009000]"
549,"[0.863400,0.746000,0.154000,0.086900,0.165800,0.432700,0.598500,0.236100]"
550,"[0.694300,0.495700,0.285600,0.830200,0.716900,0.010000,0.127900,0.201300]"
551,"[0.079200,0.143900,0.350800,0.447000,0.025900,0.175800,0.454000,0.470100]"
552,"[0.038500,0.175000,0.526400,0.575900,0.789200,0.670600,0.552000,0.561800]"
553,"[0.598000,0.113000,0.381300,0.736400,0.274100,0.104100,0.669500,0.380600]"
554,"[0.418900,0.798700,0.736900,0.632600,0.693500,0.232600,0.808200,0.414400]"
555,"[0.451900,0.647900,0.884200,0.387000,0.020800,0.051200,0.130700,0.504700]"
556,"[0.833700,0.211900,0.282400,0.384400,0.230000,0.657400,0.164000,0.566700]"
557,"[0.871200,0.314600,0.396400,0.044900,0.439000,0.822200,0.401400,0.488400]"
558,"[0.046200,0.220600,0.507500,0.716800,0.096200,0.494400,0.445300,0.556600]"
559,"[0.626400,0.105800,0.403700,0.410900,0.585000,0.062500,0.094400,0.861500]"
560,"[0.610700,0.387900,0.371000,0.378100,0.580200,0.241600,0.230600,0.454300]"
561,"[0.091100,0.548400,0.520100,0.323500,0.398200,0.271000,0.600500,0.190200]"
562,"[0.768900,0.200300,0.423400,0.437800,0.230500,0.685300,0.858600,0.371200]"
563,"[0.017000,0.227400,0.214300,0.199100,0.245300,0.556500,0.156300,0.236700]"
564,"[0.722400,0.613800,0.362900,0.181200,0.008600,0.551800,0.056600,0.358400]"
565,"[0.632800,0.461000,0.124200,0.458700,0.864300,0.169700,0.096300,0.862800]"
566,"[0.694800,0.156500,0.803200,0.042200,0.377900,0.086800,0.760600,0.679100]"
567,"[0.484900,0.272200,0.511900,0.758800,0.229500,0.040300,0.675200,0.200600]"
568,"[0.746100,0.794000,0.007600,0.059700,0.246700,0.329900,0.865600,0.113900]"
569,"[0.715800,0.816800,0.755300,0.087800,0.829200,0.544400,0.669300,0.670000]"
570,"[0.854900,0.029400,0.443100,0.413300,0.219200,0.596300,0.168900,0.680000]"
571,"[0.237400,0.367900,0.487300,0.575200,0.614400,0.070100,0.055800,0.545400]"
572,"[0.224500,0.071500,0.538600,0.548500,0.197100,0.261500,0.140900,0.048100]"
573,"[0.871000,0.096700,0.878400,0.015900,0.481300,0.341800,0.357800,0.291300]"
574,"[0.271000,0.451700,0.207300,0.569100,0.151700,0.551300,0.294500,0.656400]"
575,"[0.899800,0.614800,0.315900,0.350600,0.367800,0.389400,0.158200,0.438400]"
576,"[0.166200,0.712300,0.043700,0.584900,0.182500,0.443700,0.566400,0.838000]"
577,"[0.585900,0.343000,0.526200,0.199700,0.264400,0.464100,0.035300,0.107300]"
578,"[0.862100,0.025200,0.822900,0.714700,0.171300,0.790400,0.245000,0.371400]"
579,"[0.865200,0.385500,0.700800,0.402900,0.465700,0.361100,0.202100,0.491900]"
580,"[0.786800,0.582700,0.381700,0.350300,0.331200,0.065300,0.793800,0.596700]"
581,"[0.155800,0.357200,0.048000,0.074500,0.007100,0.352200,0.806900,0.062800]"
582,"[0.057600,0.194200,0.833000,0.507800,0.837800,0.219300,0.682500,0.779300]"
583,"[0.168400,0.619700,0.517300,0.073900,0.744100,0.706000,0.872700,0.500700]"
584,"[0.191400,0.233700,0.826100,0.334000,0.378700,0.423400,0.388700,0.396400]"
585,"[0.602300,0.533900,0.164900,0.624800,0.555600,0.863000,0.877000,0.453900]"
586,"[0.660400,0.099100,0.539700,0.065100,0.669300,0.614400,0.177100,0.573900]"
587,"[0.161600,0.565500,0.526800,0.002100,0.214700,0.733100,0.043200,0.766000]"
588,"[0.518700,0.420400,0.450800,0.449200,0.617600,0.590400,0.338500,0.884100]"
589,"[0.839000,0.058600,0.335000,0.626600,0.763300,0.857900,0.757200,0.016700]"
590,"[0.478900,0.216800,0.693300,0.061000,0.561200,0.720500,0.493700,0.677300]"
591,"[0.008200,0.741100,0.885100,0.062200,0.241400,0.068800,0.356500,0.414100]"
592,"[0.402900,0.022300,0.294900,0.214100,0.170400,0.209000,0.195400,0.730500]"
593,"[0.171200,0.440000,0.616800,0.218200,0.706200,0.130700,0.772800,0.755600]"
594,"[0.191900,0.696500,0.651100,0.746600,0.353600,0.738800,0.555900,0.471700]"
595,"[0.570200,0.812100,0.499200,0.849200,0.376600,0.255100,0.857100,0.018300]"
596,"[0.454200,0.735700,0.637100,0.584500,0.179300,0.005200,0.075900,0.558200]"
597,"[0.629900,0.601500,0.319600,0.564300,0.562800,0.334400,0.543300,0.891300]"
598,"[0.209800,0.371800,0.438300,0.097400,0.570000,0.852000,0.039400,0.802500]"
599,"[0.150500,0.035100,0.661800,0.402800,0.633800,0.894700,0.798600,0.694100]"
600,"[0.647900,0.828300,0.837000,0.223900,0.526900,0.248800,0.836700,0.810200]"
601,"[0.566700,0.291500,0.540100,0.174600,0.594000,0.271500,0.393700,0.752200]"
602,"[0.137800,0.514100,0.152500,0.182100,0.675800,0.802700,0.572700,0.356500]"
603,"[0.065200,0.060600,0.407900,0.097100,0.574100,0.306900,0.051300,0.558800]"
604,"[0.526600,0.013800,0.626300,0.105200,0.738600,0.600400,0.872400,0.841500]"
605,"[0.041500,0.122900,0.554300,0.354900,0.775900,0.744400,0.289600,0.240000]"
606,"[0.390100,0.780100,0.466600,0.558800,0.260900,0.417000,0.316200,0.854400]"
607,"[0.573000,0.046400,0.714200,0.642500,0.033800,0.180800,0.401300,0.250900]"
608,"[0.400800,0.868400,0.617800,0.834000,0.201200,0.283100,0.036800,0.196500]"
609,"[0.548500,0.555500,0.534700,0.340900,0.388500,0.595100,0.515100,0.702200]"
610,"[0.026100,0.078200,0.265400,0.390000,0.626500,0.286600,0.308300,0.612300]"
611,"[0.113100,0.591200,0.176500,0.555600,0.089100,0.729500,0.239200,0.210400]"
612,"[0.255800,0.018300,0.803900,0.077100,0.367900,0.199900,0.644300,0.613700]"
613,"[0.755900,0.476300,0.272500,0.840900,0.329500,0.808800,0.565500,0.587700]"
614,"[0.889200,0.092600,0.824900,0.587300,0.766900,0.182100,0.692200,0.238600]"
615,"[0.088900,0.330300,0.684600,0.084600,0.299700,0.186300,0.472000,0.222500]"
616,"[0.105500,0.676500,0.864900,0.045100,0.221300,0.818000,0.620400,0.760400]"
617,"[0.440700,0.331100,0.318600,0.175600,0.745200,0.723500,0.734500,0.438900]"
618,"[0.405700,0.424900,0.023800,0.675700,0.863400,0.256600,0.020000,0.019400]"
619,"[0.385300,0.197900,0.273100,0.149400,0.613600,0.760900,0.291200,0.661300]"
620,"[0.729600,0.648700,0.703200,0.734600,0.090000,0.011700,0.883400,0.781800]"
621,"[0.118200,0.632300,0.177100,0.333000,0.603700,0.001300,0.464600,0.308800]"
622,"[0.324900,0.881200,0.419900,0.118900,0.275900,0.217900,0.787100,0.539700]"
623,"[0.519600,0.854300,0.899400,0.159900,0.874100,0.566500,0.845300,0.522700]"
624,"[0.521700,0.859100,0.241000,0.190900,0.713400,0.548600,0.182900,0.060500]"
625,"[0.581000,0.464200,0.589400,0.364000,0.001700,0.492000,0.157800,0.733400]"
626,"[0.814900,0.293900,0.850600,0.554200,0.262200,0.152000,0.331700,0.683900]"
627,"[0.608800,0.805000,0.105300,0.256400,0.249000,0.713900,0.525500,0.712100]"
628,"[0.668600,0.077100,0.438800,0.214600,0.006800,0.803600,0.837400,0.663800]"
629,"[0.248200,0.176200,0.694000,0.136500,0.337800,0.343300,0.218000,0.728100]"
630,"[0.722200,0.550100,0.401700,0.141400,0.881000,0.688900,0.038600,0.843600]"
631,"[0.680400,0.320000,0.407900,0.841900,0.155800,0.877300,0.111300,0.797900]"
632,"[0.556400,0.553200,0.586200,0.756800,0.569300,0.476700,0.868800,0.375400]"
633,"[0.232500,0.829700,0.101200,0.884300,0.061400,0.144600,0.503400,0.884700]"
634,"[0.679600,0.701400,0.030500,0.298500,0.222200,0.283600,0.231600,0.249900]"
635,"[0.740100,0.051900,0.476100,0.871100,0.833700,0.810800,0.608800,0.490200]"
636,"[0.310000,0.085500,0.797300,0.685700,0.255300,0.054700,0.105900,0.027200]"
637,"[0.307700,0.749600,0.890900,0.779000,0.620000,0.743600,0.346400,0.429100]"
638,"[0.270600,0.177900,0.798200,0.653200,0.319200,0.021700,0.072900,0.470600]"
639,"[0.617400,0.564100,0.706700,0.448800,0.033800,0.488500,0.690400,0.198000]"
640,"[0.276900,0.153000,0.104300,0.619600,0.002500,0.437400,0.877200,0.389000]"
641,"[0.522600,0.297300,0.618600,0.443800,0.296500,0.053600,0.537400,0.078300]"
642,"[0.060300,0.750600,0.169600,0.210500,0.577600,0.692500,0.813100,0.691300]"
643,"[0.066500,0.412900,0.757900,0.440600,0.113200,0.321000,0.061800,0.263200]"
644,"[0.498700,0.642500,0.215900,0.457000,0.312300,0.897800,0.339700,0.638200]"
645,"[0.739400,0.736400,0.484100,0.407500,0.371400,0.168300,0.680000,0.023700]"
646,"[0.728500,0.315500,0.317300,0.174900,0.110600,0.203700,0.382600,0.517600]"
647,"[0.555500,0.890500,0.449000,0.038900,0.786300,0.243200,0.219500,0.639200]"
648,"[0.395700,0.689700,0.471900,0.400900,0.350000,0.655500,0.171800,0.184700]"
649,"[0.081800,0.429100,0.650200,0.704300,0.786200,0.852800,0.067900,0.648800]"
650,"[0.774400,0.102300,0.532400,0.135500,0.054100,0.319400,0.881200,0.324900]"
651,"[0.321600,0.473500,0.604700,0.784400,0.094900,0.784100,0.501700,0.553000]"
652,"[0.644300,0.323700,0.088200,0.855000,0.313900,0.597000,0.563300,0.052600]"
653,"[0.883600,0.787700,0.585100,0.090200,0.361000,0.501900,0.170900,0.281900]"
654,"[0.233100,0.648200,0.233900,0.211100,0.406100,0.074900,0.220600,0.475800]"
655,"[0.155600,0.289200,0.448900,0.644700,0.078900,0.850400,0.401400,0.063000]"
656,"[0.858800,0.647100,0.275500,0.362900,0.476300,0.228900,0.178200,0.485300]"
657,"[0.526100,0.698300,0.865000,0.367900,0.749500,0.469300,0.857200,0.240200]"
658,"[0.619500,0.362400,0.347500,0.217300,0.384000,0.736300,0.583000,0.220700]"
659,"[0.840600,0.873400,0.580100,0.012800,0.408400,0.055100,0.841900,0.556500]"
660,"[0.116700,0.511300,0.624900,0.250900,0.818700,0.750900,0.869400,0.436500]"
661,"[0.345900,0.810100,0.136500,0.638200,0.361300,0.605000,0.480500,0.385300]"
662,"[0.888400,0.664200,0.122000,0.420100,0.031300,0.318500,0.045300,0.405500]"
663,"[0.519500,0.705600,0.607600,0.091600,0.418000,0.497100,0.134100,0.401300]"
664,"[0.575900,0.624800,0.712600,0.541700,0.629200,0.567200,0.691200,0.801900]"
665,"[0.671000,0.513800,0.338200,0.473200,0.066200,0.338300,0.371300,0.022300]"
666,"[0.031400,0.824800,0.110900,0.109900,0.252400,0.829300,0.779800,0.847800]"
667,"[0.271400,0.074900,0.683100,0.529200,0.692300,0.637100,0.412500,0.107300]"
668,"[0.493200,0.892900,0.606900,0.870400,0.081600,0.450800,0.399200,0.185700]"
669,"[0.071500,0.389300,0.646900,0.356100,0.755000,0.582100,0.739000,0.421500]"
670,"[0.009800,0.098300,0.557400,0.515800,0.816700,0.387100,0.245800,0.396300]"
671,"[0.668300,0.717700,0.330700,0.845300,0.589800,0.122900,0.252300,0.492200]"
672,"[0.896100,0.756400,0.657300,0.852800,0.029200,0.478100,0.730200,0.851400]"
673,"[0.021900,0.121800,0.049000,0.452800,0.447000,0.689600,0.029000,0.061500]"
674,"[0.024300,0.880000,0.022100,0.320900,0.226900,0.393800,0.544400,0.563200]"
675,"[0.151400,0.474800,0.326300,0.846200,0.319700,0.137300,0.384300,0.018100]"
676,"[0.889100,0.887600,0.363900,0.270800,0.894800,0.180900,0.326700,0.799300]"
677,"[0.188100,0.668300,0.775800,0.241700,0.225600,0.084000,0.531400,0.187700]"
678,"[0.819900,0.622100,0.391800,0.050700,0.282600,0.277700,0.170400,0.833200]"
679,"[0.850400,0.083400,0.895500,0.170300,0.162100,0.618600,0.434900,0.155200]"
680,"[0.569900,0.279200,0.845500,0.189600,0.541100,0.508800,0.240400,0.802800]"
681,"[0.498800,0.574400,0.059000,0.184100,0.448600,0.412300,0.368700,0.727900]"
682,"[0.122800,0.378200,0.408300,0.433200,0.442300,0.308000,0.653900,0.291100]"
683,"[0.243000,0.666600,0.605500,0.533800,0.723600,0.783700,0.824000,0.746800]"
684,"[0.330000,0.621100,0.896800,0.612400,0.875900,0.448100,0.740100,0.551700]"
685,"[0.474000,0.847000,0.060300,0.008500,0.405200,0.812800,0.018000,0.593500]"
686,"[0.899100,0.477400,0.857500,0.470400,0.756500,0.383700,0.418100,0.524500]"
687,"[0.027100,0.432600,0.350300,0.799700,0.366200,0.549800,0.825700,0.495700]"
688,"[0.212800,0.617800,0.152900,0.308400,0.687000,0.244200,0.363700,0.118400]"
689,"[0.447700,0.363400,0.522000,0.342000,0.505700,0.147400,0.347500,0.420700]"
690,"[0.865900,0.816000,0.888500,0.433000,0.549400,0.848200,0.604400,0.132600]"
691,"[0.776700,0.584800,0.282600,0.382600,0.139700,0.086600,0.745200,0.866600]"
692,"[0.263300,0.848000,0.016500,0.177600,0.380400,0.869300,0.178100,0.326500]"
693,"[0.403700,0.685000,0.353700,0.098300,0.603500,0.184900,0.723300,0.376300]"
694,"[0.153400,0.896500,0.201800,0.520100,0.319100,0.429600,0.521200,0.239800]"
695,"[0.099000,0.091400,0.307500,0.704200,0.898900,0.621900,0.466200,0.637900]"
696,"[0.504000,0.543300,0.106000,0.493400,0.168800,0.227700,0.721700,0.431500]"
697,"[0.160300,0.205600,0.097600,0.427500,0.149800,0.550800,0.761700,0.579400]"
698,"[0.170200,0.275200,0.002300,0.178900,0.567100,0.454100,0.534800,0.727500]"
699,"[0.201300,0.635800,0.403300,0.283900,0.560000,0.286300,0.372600,0.372900]"
700,"[0.745500,0.479700,0.229800,0.023700,0.293500,0.395700,0.808500,0.515900]"
701,"[0.494700,0.117200,0.622000,0.263200,0.073200,0.298000,0.784700,0.619600]"
702,"[0.498900,0.632500,0.813900,0.468100,0.327500,0.858200,0.737300,0.787800]"
703,"[0.276400,0.084400,0.487200,0.509400,0.344200,0.484400,0.361000,0.388300]"
704,"[0.268300,0.187400,0.439700,0.192800,0.378500,0.564300,0.278400,0.310200]"
705,"[0.481200,0.446600,0.609600,0.891100,0.423000,0.036600,0.301400,0.677000]"
706,"[0.790100,0.570800,0.841600,0.019500,0.154100,0.886000,0.298000,0.836700]"
707,"[0.603000,0.503600,0.566800,0.290800,0.747200,0.185700,0.677600,0.441200]"
708,"[0.658700,0.052900,0.208700,0.346000,0.863800,0.861900,0.096300,0.658000]"
709,"[0.108200,0.285200,0.034100,0.726200,0.852500,0.717100,0.771900,0.182000]"
710,"[0.505700,0.626400,0.552000,0.760500,0.636000,0.515400,0.867300,0.023900]"
711,"[0.026400,0.169300,0.780600,0.518100,0.332000,0.499200,0.370500,0.816700]"
712,"[0.262000,0.439200,0.574500,0.547700,0.597700,0.440200,0.806600,0.202800]"
713,"[0.233400,0.449600,0.683700,0.807800,0.642400,0.383300,0.468500,0.078400]"
714,"[0.633600,0.295800,0.863000,0.012400,0.678200,0.321900,0.129700,0.814700]"
715,"[0.266900,0.526000,0.181700,0.784700,0.308900,0.829000,0.718300,0.172100]"
716,"[0.606000,0.843400,0.839900,0.189600,0.889700,0.330400,0.336600,0.664900]"
717,"[0.477200,0.631800,0.771700,0.438500,0.010500,0.058400,0.156500,0.501600]"
718,"[0.641700,0.572200,0.278300,0.620300,0.739500,0.150300,0.618200,0.387700]"
719,"[0.586800,0.038900,0.574900,0.593200,0.219700,0.528200,0.800800,0.345300]"
720,"[0.037000,0.614100,0.387900,0.895800,0.647400,0.761400,0.160000,0.243200]"
721,"[0.613600,0.624500,0.209200,0.805100,0.343200,0.598600,0.283600,0.745200]"
722,"[0.671800,0.055600,0.549800,0.295200,0.263100,0.660400,0.737300,0.574100]"
723,"[0.676500,0.452400,0.126300,0.739800,0.244300,0.550800,0.761500,0.052500]"
724,"[0.256600,0.098500,0.428800,0.653400,0.619300,0.484600,0.349600,0.451300]"
725,"[0.829400,0.588100,0.429700,0.384100,0.589900,0.804500,0.104700,0.004200]"
726,"[0.287300,0.537500,0.742700,0.679700,0.826800,0.891900,0.527700,0.457100]"
727,"[0.547200,0.408000,0.767900,0.723100,0.888000,0.702100,0.849500,0.830600]"
728,"[0.039100,0.896700,0.489600,0.449000,0.110300,0.835200,0.865200,0.632200]"
729,"[0.801100,0.106700,0.013300,0.454500,0.784900,0.117900,0.859200,0.272300]"
730,"[0.564400,0.452600,0.164600,0.206200,0.012100,0.184500,0.202500,0.392700]"
731,"[0.435800,0.683500,0.341000,0.000400,0.253600,0.451700,0.489500,0.463300]"
732,"[0.420200,0.254400,0.617200,0.216900,0.866500,0.599000,0.165400,0.616400]"
733,"[0.646000,0.685300,0.851000,0.321200,0.827300,0.287400,0.043700,0.495400]"
734,"[0.139400,0.375400,0.522200,0.078800,0.306300,0.821700,0.805200,0.039100]"
735,"[0.327600,0.003800,0.359700,0.877200,0.208500,0.079700,0.153100,0.522400]"
736,"[0.582800,0.289200,0.060900,0.482200,0.755300,0.707100,0.795600,0.561800]"
737,"[0.540300,0.545200,0.487900,0.398200,0.202300,0.153900,0.515900,0.828600]"
738,"[0.358200,0.782400,0.388400,0.695100,0.742300,0.116600,0.577800,0.584300]"
739,"[0.126200,0.418600,0.605800,0.750100,0.181300,0.140500,0.243200,0.393800]"
740,"[0.101600,0.799700,0.694700,0.604400,0.628800,0.191800,0.381800,0.284500]"
741,"[0.817200,0.443900,0.438800,0.384200,0.793300,0.669900,0.050100,0.696300]"
742,"[0.778200,0.108100,0.667300,0.766700,0.568900,0.527700,0.080300,0.815000]"
743,"[0.862900,0.746600,0.251700,0.230200,0.205600,0.532900,0.730700,0.205800]"
744,"[0.020400,0.268400,0.158800,0.164400,0.867100,0.201000,0.533700,0.196600]"
745,"[0.573500,0.019700,0.344800,0.803800,0.743600,0.425200,0.085200,0.266900]"
746,"[0.589900,0.015800,0.083900,0.671700,0.211400,0.719800,0.844500,0.330200]"
747,"[0.877400,0.547600,0.616500,0.814800,0.626500,0.711700,0.559500,0.437000]"
748,"[0.886300,0.508900,0.081200,0.867100,0.439500,0.627300,0.757400,0.693100]"
749,"[0.470200,0.404500,0.584900,0.032000,0.585200,0.527900,0.271000,0.022500]"
750,"[0.302600,0.195800,0.291100,0.168200,0.627900,0.341300,0.661700,0.535200]"
751,"[0.586600,0.048000,0.065800,0.073800,0.150400,0.237400,0.481000,0.680600]"
752,"[0.851800,0.415900,0.628800,0.367700,0.882700,0.327800,0.028300,0.370000]"
753,"[0.628500,0.668300,0.575100,0.338700,0.427700,0.510000,0.477300,0.853300]"
754,"[0.670500,0.105000,0.421400,0.658100,0.732600,0.695800,0.339500,0.254600]"
755,"[0.084000,0.194600,0.143200,0.767900,0.858000,0.439000,0.672600,0.425100]"
756,"[0.462500,0.191200,0.485400,0.617900,0.510300,0.636400,0.394200,0.817200]"
757,"[0.128000,0.275400,0.886800,0.835000,0.515800,0.633200,0.152100,0.542600]"
758,"[0.067400,0.632600,0.571100,0.443800,0.171500,0.047800,0.722800,0.758000]"
759,"[0.588500,0.163700,0.495300,0.153400,0.776600,0.119200,0.870500,0.893400]"
760,"[0.576800,0.849300,0.148200,0.347900,0.056200,0.302800,0.473600,0.530200]"
761,"[0.880100,0.411800,0.251900,0.666100,0.396200,0.508000,0.815900,0.787400]"
762,"[0.762900,0.067900,0.744500,0.069000,0.550100,0.618800,0.138000,0.691900]"
763,"[0.187100,0.636000,0.696700,0.193000,0.522200,0.460800,0.864400,0.824800]"
764,"[0.456200,0.362600,0.229800,0.818500,0.623500,0.026000,0.651400,0.572900]"
765,"[0.141500,0.373500,0.168100,0.400900,0.748900,0.258300,0.279900,0.172700]"
766,"[0.083300,0.553600,0.182900,0.186100,0.310000,0.214600,0.186300,0.740900]"
767,"[0.788300,0.235100,0.009400,0.261700,0.444000,0.442900,0.789300,0.532300]"
768,"[0.055700,0.176100,0.465700,0.482100,0.034600,0.557600,0.601000,0.614800]"
769,"[0.453400,0.685200,0.645800,0.276900,0.389100,0.647000,0.220800,0.397700]"
770,"[0.095800,0.551300,0.560800,0.817500,0.792300,0.149000,0.349500,0.753800]"
771,"[0.100400,0.140300,0.517600,0.205300,0.138100,0.898000,0.237900,0.242400]"
772,"[0.706600,0.720300,0.185900,0.476800,0.720500,0.605600,0.743000,0.337700]"
773,"[0.798900,0.196000,0.797300,0.898300,0.568300,0.868800,0.444400,0.261700]"
774,"[0.886300,0.530100,0.383400,0.654900,0.898500,0.139100,0.665900,0.276400]"
775,"[0.798400,0.799600,0.055600,0.070300,0.570300,0.061700,0.098500,0.440600]"
776,"[0.761900,0.744300,0.803400,0.892700,0.267100,0.433900,0.414500,0.417500]"
777,"[0.515400,0.293200,0.541600,0.711800,0.648600,0.333400,0.146800,0.885700]"
778,"[0.649900,0.007100,0.323400,0.827500,0.800700,0.697300,0.141700,0.575500]"
779,"[0.596800,0.476800,0.160300,0.374900,0.532100,0.183100,0.700700,0.083400]"
780,"[0.239900,0.853800,0.346500,0.893300,0.467000,0.169500,0.047500,0.659600]"
781,"[0.231800,0.613200,0.405900,0.888300,0.499200,0.115700,0.226400,0.816300]"
782,"[0.572200,0.779800,0.477000,0.270300,0.779300,0.304000,0.656000,0.696600]"
783,"[0.812900,0.565800,0.305500,0.665900,0.689900,0.404400,0.157900,0.320400]"
784,"[0.411200,0.046300,0.353200,0.795300,0.538600,0.572900,0.132300,0.169200]"
785,"[0.743600,0.341000,0.374700,0.481600,0.068000,0.439300,0.012100,0.629500]"
786,"[0.070200,0.622800,0.887700,0.146900,0.185700,0.472300,0.141700,0.174600]"
787,"[0.030300,0.733200,0.761300,0.019600,0.671000,0.633500,0.190000,0.232700]"
788,"[0.167600,0.073600,0.203700,0.569100,0.500500,0.738800,0.593000,0.004600]"
789,"[0.788200,0.893100,0.530700,0.010600,0.749900,0.627000,0.755200,0.811300]"
790,"[0.016600,0.169600,0.595800,0.550100,0.039900,0.593000,0.860000,0.245400]"
791,"[0.471300,0.856600,0.651600,0.630400,0.267800,0.103600,0.748200,0.353300]"
792,"[0.301700,0.318800,0.200300,0.612500,0.123500,0.729000,0.403300,0.345700]"
793,"[0.310200,0.272400,0.174700,0.396600,0.583400,0.306200,0.122500,0.751300]"
794,"[0.586200,0.579200,0.279700,0.341000,0.899500,0.122800,0.258500,0.684700]"
795,"[0.831800,0.007900,0.515600,0.441700,0.100300,0.177000,0.422700,0.789800]"
796,"[0.634000,0.076600,0.760300,0.476400,0.717600,0.314600,0.104000,0.276900]"
797,"[0.536000,0.201300,0.325100,0.799900,0.470300,0.706500,0.732700,0.280500]"
798,"[0.334800,0.124200,0.628300,0.433700,0.331000,0.597500,0.401500,0.082800]"
799,"[0.450500,0.117700,0.576500,0.591800,0.889100,0.043900,0.121300,0.139600]"
800,"[0.541600,0.133700,0.697700,0.552800,0.708400,0.113700,0.765700,0.576900]"
801,"[0.290900,0.097500,0.726300,0.634500,0.021200,0.837100,0.548400,0.552400]"
802,"[0.625300,0.166800,0.132600,0.477900,0.320700,0.364000,0.636600,0.403300]"
803,"[0.797800,0.121000,0.443500,0.489800,0.067700,0.815300,0.620100,0.764700]"
804,"[0.461600,0.371400,0.173800,0.811600,0.615500,0.708300,0.588800,0.653800]"
805,"[0.554000,0.883700,0.686600,0.288300,0.053200,0.456400,0.204000,0.373100]"
806,"[0.527800,0.294300,0.408400,0.023800,0.005300,0.633600,0.741000,0.073200]"
807,"[0.755700,0.081100,0.879900,0.163400,0.275800,0.504100,0.145900,0.741400]"
808,"[0.184800,0.497900,0.101500,0.479500,0.791900,0.571400,0.410900,0.221800]"
809,"[0.571300,0.739700,0.557500,0.467200,0.103300,0.181000,0.205700,0.099000]"
810,"[0.302900,0.518000,0.017700,0.357200,0.384400,0.216300,0.204200,0.786500]"
811,"[0.528900,0.367100,0.319700,0.708200,0.579600,0.546500,0.441400,0.224900]"
812,"[0.342200,0.702200,0.620900,0.540700,0.634800,0.754300,0.100300,0.513300]"
813,"[0.317900,0.398500,0.213900,0.751800,0.559400,0.784400,0.353100,0.153600]"
814,"[0.613300,0.244100,0.596700,0.248600,0.402600,0.827900,0.739000,0.562700]"
815,"[0.225400,0.850700,0.142000,0.021800,0.805400,0.799300,0.820000,0.369200]"
816,"[0.871000,0.764400,0.156600,0.830600,0.272700,0.132600,0.042000,0.074300]"
817,"[0.077600,0.312700,0.817800,0.102300,0.347700,0.768200,0.163500,0.401300]"
818,"[0.673000,0.426400,0.045500,0.850100,0.069000,0.701600,0.122700,0.698200]"
819,"[0.391900,0.085400,0.213600,0.619300,0.406000,0.852300,0.133600,0.019100]"
820,"[0.295400,0.585200,0.351800,0.356500,0.541100,0.714500,0.835800,0.536300]"
821,"[0.030700,0.609600,0.164100,0.282500,0.347700,0.088000,0.440000,0.459600]"
822,"[0.066300,0.440200,0.073100,0.364100,0.037800,0.310800,0.351200,0.717000]"
823,"[0.387100,0.659500,0.738800,0.698000,0.044100,0.445100,0.732900,0.753400]"
824,"[0.603000,0.701800,0.374600,0.457100,0.294200,0.220900,0.162100,0.476300]"
825,"[0.702300,0.009200,0.071700,0.824600,0.542300,0.210400,0.288200,0.425000]"
826,"[0.807000,0.251900,0.093400,0.039200,0.730700,0.635800,0.865900,0.140100]"
827,"[0.196900,0.740300,0.284800,0.606900,0.708900,0.319200,0.693200,0.689800]"
828,"[0.055200,0.125100,0.721900,0.217400,0.166800,0.692800,0.009700,0.266500]"
829,"[0.767400,0.141600,0.263800,0.578000,0.356100,0.184700,0.593500,0.522400]"
830,"[0.729600,0.230000,0.544200,0.583700,0.363200,0.034000,0.702800,0.624300]"
831,"[0.333200,0.822100,0.714400,0.759400,0.395500,0.683300,0.268600,0.630500]"
832,"[0.252800,0.741600,0.345200,0.198100,0.515300,0.705000,0.651400,0.039400]"
833,"[0.152200,0.649300,0.466300,0.300900,0.394100,0.639300,0.196800,0.014700]"
834,"[0.176400,0.353200,0.203100,0.671100,0.014500,0.576900,0.580400,0.813100]"
835,"[0.138400,0.443500,0.878400,0.483000,0.883700,0.120400,0.586400,0.122800]"
836,"[0.632500,0.639100,0.354400,0.591800,0.735000,0.807300,0.483500,0.663200]"
837,"[0.416000,0.479000,0.133100,0.680200,0.019200,0.281900,0.892700,0.203800]"
838,"[0.863100,0.704900,0.773700,0.458500,0.433400,0.266500,0.113300,0.487400]"
839,"[0.155000,0.228600,0.786400,0.152400,0.045300,0.124300,0.852600,0.882500]"
840,"[0.772900,0.062700,0.200700,0.514400,0.200800,0.367200,0.573300,0.445700]"
841,"[0.307600,0.169600,0.169500,0.385900,0.381900,0.840900,0.486800,0.356900]"
842,"[0.432700,0.504400,0.591500,0.484900,0.645200,0.737300,0.788400,0.893600]"
843,"[0.154400,0.448200,0.845800,0.774500,0.787200,0.876300,0.016800,0.795800]"
844,"[0.801900,0.321400,0.407100,0.529300,0.721000,0.461400,0.485800,0.203100]"
845,"[0.063100,0.260200,0.364100,0.073900,0.124200,0.713300,0.670000,0.500000]"
846,"[0.889400,0.560000,0.099700,0.777200,0.676700,0.621100,0.379300,0.815200]"
847,"[0.176500,0.162200,0.328800,0.769700,0.689100,0.189500,0.611300,0.348700]"
848,"[0.866200,0.407000,0.681200,0.655400,0.719400,0.670000,0.581000,0.486200]"
849,"[0.531500,0.226300,0.600200,0.774400,0.092600,0.736400,0.749500,0.230500]"
850,"[0.745100,0.553100,0.712400,0.754500,0.482200,0.851300,0.568900,0.239300]"
851,"[0.246200,0.823600,0.292300,0.545500,0.558500,0.698600,0.149200,0.300700]"
852,"[0.168900,0.267100,0.761200,0.445400,0.682300,0.640000,0.750700,0.802300]"
853,"[0.200500,0.540000,0.138300,0.185000,0.565100,0.673900,0.822000,0.702900]"
854,"[0.507100,0.491100,0.865100,0.793700,0.400600,0.108200,0.173700,0.438500]"
855,"[0.191900,0.569700,0.286400,0.803400,0.249200,0.673300,0.778200,0.026100]"
856,"[0.664100,0.287900,0.049100,0.254100,0.381600,0.058300,0.757900,0.570500]"
857,"[0.050900,0.201800,0.012500,0.477500,0.705300,0.262600,0.853100,0.508600]"
858,"[0.159200,0.052300,0.135900,0.199700,0.533800,0.494900,0.045000,0.438100]"
859,"[0.488600,0.856900,0.394700,0.623000,0.455600,0.300700,0.298600,0.161800]"
860,"[0.759500,0.646300,0.109400,0.131900,0.849200,0.084600,0.109200,0.677700]"
861,"[0.770600,0.502800,0.761200,0.028800,0.830700,0.099900,0.747800,0.028800]"
862,"[0.634500,0.128400,0.447800,0.899000,0.795200,0.058600,0.393500,0.562400]"
863,"[0.817300,0.453300,0.011500,0.567600,0.288400,0.647200,0.848600,0.677600]"
864,"[0.398800,0.123900,0.365500,0.616700,0.789000,0.090100,0.420000,0.336000]"
865,"[0.612000,0.413900,0.540600,0.498600,0.663000,0.201100,0.352800,0.305400]"
866,"[0.514500,0.247400,0.763900,0.652600,0.572200,0.611400,0.212600,0.635600]"
867,"[0.238600,0.762900,0.747400,0.040000,0.663200,0.021400,0.672500,0.330200]"
868,"[0.529600,0.456900,0.284700,0.252000,0.403100,0.848900,0.634000,0.682000]"
869,"[0.291300,0.409200,0.626200,0.653200,0.375100,0.191500,0.433700,0.366100]"
870,"[0.204400,0.869200,0.340400,0.242000,0.679500,0.337300,0.308500,0.163300]"
871,"[0.608900,0.889100,0.364800,0.565800,0.015500,0.030100,0.589700,0.508900]"
872,"[0.110200,0.027400,0.180700,0.631500,0.895100,0.092200,0.336700,0.554600]"
873,"[0.529300,0.044500,0.239200,0.136200,0.176600,0.682300,0.595600,0.320700]"
874,"[0.185700,0.159500,0.880100,0.831000,0.138400,0.700200,0.598100,0.196000]"
875,"[0.571200,0.787200,0.574600,0.006900,0.652700,0.527600,0.373200,0.091700]"
876,"[0.842200,0.889400,0.619400,0.104900,0.621600,0.731000,0.516100,0.321500]"
877,"[0.709300,0.220400,0.667900,0.120500,0.398100,0.506600,0.604600,0.474400]"
878,"[0.101400,0.832900,0.820300,0.550300,0.549900,0.245500,0.316700,0.412600]"
879,"[0.652900,0.658900,0.636500,0.387900,0.139900,0.505700,0.491800,0.743600]"
880,"[0.801300,0.506700,0.375200,0.121000,0.130900,0.858300,0.518300,0.043300]"
881,"[0.531500,0.468700,0.262000,0.299600,0.049300,0.134700,0.773500,0.263700]"
882,"[0.579000,0.878500,0.340200,0.871400,0.513700,0.327900,0.858900,0.155300]"
883,"[0.377900,0.760200,0.540400,0.057400,0.107000,0.045500,0.138400,0.385800]"
884,"[0.352700,0.351500,0.888400,0.070700,0.162400,0.582900,0.544200,0.715500]"
885,"[0.812900,0.075800,0.829900,0.524400,0.185800,0.002500,0.552800,0.158800]"
886,"[0.707300,0.558000,0.687900,0.464200,0.615000,0.879100,0.679600,0.447300]"
887,"[0.267800,0.184900,0.004100,0.500000,0.237400,0.895400,0.209700,0.427300]"
888,"[0.166500,0.337000,0.846500,0.580300,0.022000,0.157300,0.069500,0.827500]"
889,"[0.847300,0.225600,0.602300,0.735400,0.555100,0.518800,0.489000,0.377300]"
890,"[0.730100,0.009400,0.248800,0.360100,0.581900,0.283800,0.513800,0.624700]"
891,"[0.776700,0.147300,0.332700,0.551000,0.062500,0.202800,0.626800,0.834600]"
892,"[0.713500,0.739000,0.814500,0.844300,0.207300,0.320600,0.517800,0.251400]"
893,"[0.511800,0.651600,0.593700,0.467500,0.627100,0.896700,0.061900,0.203600]"
894,"[0.147500,0.287900,0.452500,0.161900,0.200100,0.592600,0.249800,0.259100]"
895,"[0.213700,0.621200,0.107500,0.315300,0.689400,0.521700,0.860400,0.583700]"
896,"[0.849200,0.622600,0.770200,0.136800,0.006500,0.766200,0.644300,0.392200]"
897,"[0.493700,0.169300,0.695600,0.607600,0.876400,0.706700,0.010100,0.229200]"
898,"[0.659600,0.732500,0.403500,0.424200,0.218500,0.291100,0.011300,0.004400]"
899,"[0.357200,0.840400,0.135400,0.874400,0.577400,0.496800,0.107600,0.711800]"
900,"[0.748700,0.575600,0.218600,0.451000,0.153600,0.859400,0.522100,0.354000]"
901,"[0.292600,0.845300,0.487000,0.410600,0.192100,0.632800,0.399400,0.601600]"
902,"[0.519400,0.470300,0.756000,0.548600,0.649700,0.692900,0.796400,0.521000]"
903,"[0.152800,0.402800,0.011000,0.073300,0.871500,0.255900,0.429600,0.387900]"
904,"[0.391700,0.151300,0.758100,0.821000,0.350100,0.256400,0.483000,0.457700]"
905,"[0.568400,0.440500,0.281500,0.838100,0.817400,0.883300,0.798900,0.344000]"
906,"[0.887200,0.729000,0.207600,0.055000,0.611900,0.462400,0.233200,0.711100]"
907,"[0.219200,0.687800,0.851300,0.440900,0.559000,0.115500,0.188100,0.195200]"
908,"[0.788500,0.262800,0.620800,0.331100,0.276100,0.058500,0.661900,0.490600]"
909,"[0.313800,0.676100,0.523500,0.045100,0.033100,0.059300,0.399600,0.768800]"
910,"[0.356000,0.204700,0.822400,0.354000,0.745500,0.532400,0.676100,0.565400]"
911,"[0.430100,0.467900,0.801000,0.059600,0.040500,0.629600,0.176900,0.756300]"
912,"[0.849800,0.895500,0.580800,0.262000,0.871500,0.576500,0.641800,0.828700]"
913,"[0.602600,0.442300,0.607400,0.734400,0.241500,0.695200,0.574700,0.870600]"
914,"[0.835700,0.162100,0.155100,0.043700,0.446100,0.621500,0.596100,0.578400]"
915,"[0.234000,0.603400,0.462500,0.526700,0.172500,0.084400,0.385500,0.028700]"
916,"[0.772200,0.126900,0.747800,0.238900,0.891200,0.219400,0.653800,0.221700]"
917,"[0.167400,0.199800,0.002600,0.270700,0.612600,0.051900,0.276300,0.765200]"
918,"[0.318100,0.803200,0.895000,0.762000,0.174400,0.735600,0.337100,0.682900]"
919,"[0.631700,0.452500,0.235900,0.323300,0.204300,0.808200,0.371100,0.166200]"
920,"[0.256700,0.144200,0.604000,0.351100,0.185700,0.389800,0.449700,0.449600]"
921,"[0.106700,0.454300,0.080100,0.229800,0.461700,0.237700,0.848200,0.504600]"
922,"[0.395200,0.699400,0.159100,0.401300,0.004900,0.871400,0.608100,0.345300]"
923,"[0.062400,0.644500,0.810800,0.351200,0.166600,0.893900,0.517400,0.592700]"
924,"[0.515600,0.374900,0.110300,0.166800,0.153300,0.333600,0.289100,0.311500]"
925,"[0.750900,0.818500,0.844400,0.035800,0.762100,0.204200,0.580100,0.840500]"
926,"[0.124900,0.253700,0.008800,0.174600,0.339000,0.614900,0.837400,0.015300]"
927,"[0.562700,0.239700,0.742200,0.749200,0.293000,0.838700,0.697000,0.188800]"
928,"[0.341800,0.658600,0.890200,0.298700,0.893800,0.292800,0.384700,0.401400]"
929,"[0.713500,0.883200,0.717400,0.082200,0.120400,0.434100,0.810100,0.739100]"
930,"[0.779900,0.126100,0.597300,0.841600,0.418300,0.856100,0.022100,0.055600]"
931,"[0.005900,0.012700,0.667400,0.652200,0.028100,0.145600,0.041500,0.566200]"
932,"[0.307500,0.428100,0.208800,0.257500,0.049300,0.496700,0.810000,0.776900]"
933,"[0.809500,0.027600,0.655900,0.389500,0.230000,0.182200,0.309500,0.554500]"
934,"[0.479700,0.482800,0.009500,0.245500,0.272700,0.867400,0.503500,0.065000]"
935,"[0.018000,0.752200,0.822800,0.779000,0.566500,0.388100,0.785000,0.126900]"
936,"[0.520600,0.897900,0.881700,0.595000,0.086100,0.811900,0.713000,0.674300]"
937,"[0.703600,0.036900,0.690800,0.063600,0.050700,0.334800,0.276500,0.744300]"
938,"[0.543900,0.384500,0.652100,0.756300,0.004100,0.895100,0.672000,0.757000]"
939,"[0.090100,0.242100,0.077600,0.636600,0.510900,0.255400,0.026200,0.609500]"
940,"[0.091600,0.761400,0.407000,0.823400,0.888100,0.248300,0.876400,0.602200]"
941,"[0.862200,0.227800,0.620400,0.606500,0.135800,0.503400,0.622400,0.429200]"
942,"[0.654900,0.712300,0.673700,0.874300,0.877100,0.358900,0.247400,0.358300]"
943,"[0.612700,0.800600,0.803400,0.378700,0.825600,0.014000,0.105200,0.570800]"
944,"[0.514000,0.249100,0.294100,0.135500,0.725400,0.115300,0.618200,0.435700]"
945,"[0.344500,0.874500,0.404200,0.479600,0.449000,0.389600,0.619800,0.111200]"
946,"[0.173100,0.147000,0.534900,0.406400,0.226500,0.872400,0.058100,0.454300]"
947,"[0.436600,0.133800,0.671200,0.693400,0.514700,0.096100,0.260300,0.231900]"
948,"[0.737800,0.108900,0.872400,0.229700,0.547600,0.123900,0.450900,0.824300]"
949,"[0.805900,0.546200,0.708800,0.254700,0.341800,0.685500,0.592000,0.031300]"
950,"[0.019300,0.058000,0.486400,0.632300,0.244300,0.136700,0.590200,0.442500]"
951,"[0.280000,0.870600,0.761800,0.566100,0.833600,0.338800,0.019100,0.090500]"
952,"[0.487700,0.357700,0.224800,0.168100,0.044400,0.803200,0.293900,0.386700]"
953,"[0.814600,0.312200,0.068600,0.127200,0.038600,0.414600,0.001200,0.435500]"
954,"[0.363200,0.672700,0.530200,0.651300,0.099000,0.826500,0.247600,0.429800]"
955,"[0.016800,0.873600,0.181200,0.398900,0.155500,0.890400,0.531500,0.824900]"
956,"[0.331500,0.350100,0.780200,0.440500,0.751200,0.324600,0.514800,0.241100]"
957,"[0.272600,0.774000,0.308000,0.509700,0.762900,0.328000,0.575200,0.515200]"
958,"[0.000600,0.520700,0.861500,0.881600,0.687700,0.654100,0.564100,0.307400]"
959,"[0.773400,0.117500,0.731300,0.080300,0.816800,0.398700,0.384600,0.067900]"
960,"[0.312900,0.295800,0.294700,0.794800,0.306200,0.016000,0.390800,0.650200]"
961,"[0.758500,0.517900,0.216200,0.382300,0.738200,0.302000,0.722800,0.665500]"
962,"[0.312400,0.576700,0.805700,0.535000,0.798700,0.211400,0.802000,0.360300]"
963,"[0.426400,0.223500,0.430300,0.462400,0.076300,0.324000,0.616600,0.344300]"
964,"[0.150800,0.255000,0.636700,0.082200,0.282700,0.398500,0.042300,0.813400]"
965,"[0.059800,0.556200,0.328300,0.285600,0.476600,0.325300,0.366500,0.027700]"
966,"[0.361800,0.814400,0.477700,0.615600,0.783200,0.634100,0.565300,0.593800]"
967,"[0.223100,0.415900,0.086200,0.769100,0.727000,0.141700,0.725800,0.898300]"
968,"[0.137500,0.191000,0.850800,0.220600,0.792100,0.068100,0.539700,0.369500]"
969,"[0.711500,0.232400,0.667500,0.719500,0.799300,0.283500,0.641600,0.090300]"
970,"[0.339800,0.413000,0.659700,0.388700,0.193000,0.788600,0.696100,0.453700]"
971,"[0.224500,0.361900,0.829500,0.601100,0.285700,0.746300,0.169900,0.716400]"
972,"[0.296600,0.327600,0.813600,0.424400,0.686900,0.525200,0.226000,0.573900]"
973,"[0.387200,0.673500,0.696700,0.346200,0.088700,0.191700,0.282100,0.212900]"
974,"[0.052800,0.198100,0.689200,0.488300,0.245300,0.065500,0.234400,0.207400]"
975,"[0.875800,0.282600,0.270500,0.816100,0.707800,0.014800,0.812500,0.160800]"
976,"[0.520500,0.275300,0.459000,0.326400,0.454100,0.710200,0.174900,0.120500]"
977,"[0.359700,0.865600,0.484800,0.027300,0.872500,0.545800,0.415400,0.689900]"
978,"[0.573500,0.585100,0.465700,0.670800,0.061600,0.303700,0.191300,0.257500]"
979,"[0.522600,0.055200,0.507000,0.678200,0.389900,0.781100,0.195900,0.867300]"
980,"[0.753100,0.513300,0.074300,0.758000,0.009600,0.619400,0.596500,0.596100]"
981,"[0.871100,0.347500,0.382900,0.059800,0.339300,0.313800,0.448400,0.025700]"
982,"[0.859500,0.761700,0.109200,0.841000,0.208100,0.618600,0.498500,0.025600]"
983,"[0.102100,0.255100,0.371000,0.065300,0.379300,0.259900,0.765800,0.589600]"
984,"[0.477600,0.749900,0.871300,0.469000,0.123000,0.634800,0.681100,0.470600]"
985,"[0.092600,0.773200,0.380100,0.140700,0.592600,0.460700,0.436300,0.835000]"
986,"[0.587500,0.028600,0.063400,0.281800,0.794400,0.378600,0.363200,0.206900]"
987,"[0.671900,0.839500,0.727000,0.754300,0.501700,0.832000,0.396800,0.379700]"
988,"[0.051000,0.377400,0.893100,0.156400,0.686600,0.579000,0.164700,0.300200]"
989,"[0.399100,0.433200,0.851800,0.800600,0.390800,0.888100,0.852300,0.845200]"
990,"[0.338700,0.062200,0.867800,0.156700,0.486600,0.444500,0.193400,0.011600]"
991,"[0.009800,0.088300,0.551600,0.736000,0.822000,0.557000,0.763500,0.097000]"
992,"[0.113800,0.171600,0.138600,0.693500,0.626000,0.562500,0.548000,0.697000]"
993,"[0.337000,0.072100,0.420100,0.084400,0.414000,0.647700,0.256300,0.562800]"
994,"[0.722400,0.442300,0.364800,0.732100,0.312100,0.495700,0.844200,0.407900]"
995,"[0.102100,0.015100,0.875100,0.259900,0.749800,0.458200,0.847600,0.192800]"
996,"[0.856600,0.737800,0.759200,0.262600,0.176500,0.752200,0.405000,0.654400]"
997,"[0.822500,0.015300,0.348500,0.730300,0.742700,0.676900,0.159100,0.489300]"
998,"[0.251200,0.206100,0.753700,0.393000,0.167000,0.730800,0.014000,0.737200]"
999,"[0.218000,0.785400,0.060400,0.497800,0.324200,0.692000,0.534800,0.833700]"
